subdomain,base_domain,web_ports,services_count,has_http,has_https
dns01.mega.cl,mega.cl,"80,443,8080,8443",4,True,True
dns01.meganoticias.cl,meganoticias.cl,"80,443,8080,8443",4,True,True
dns01.megatiempo.cl,megatiempo.cl,"80,443,8080,8443",4,True,True
dns02.benzahosting.cl,benzahosting.cl,"80,443",2,True,True
dns02.mega.cl,mega.cl,"80,443,8080,8443",4,True,True
dns02.meganoticias.cl,meganoticias.cl,"80,443,8080,8443",4,True,True
dns02.megatiempo.cl,megatiempo.cl,"80,443,8080,8443",4,True,True
dns03.mega.cl,mega.cl,"80,443,8080,8443",4,True,True
dns03.meganoticias.cl,meganoticias.cl,"80,443,8080,8443",4,True,True
dns03.megatiempo.cl,megatiempo.cl,"80,443,8080,8443",4,True,True
dns1.bancochile.cl,bancochile.cl,"80,443,8080,8443",4,True,True
dns1.hosting.cl,hosting.cl,"80,443",2,True,True
dns1.ihost.cl,ihost.cl,"80,443",2,True,True
dns1.powerhost.cl,powerhost.cl,"80,443",2,True,True
dns1.virtualhosting.cl,virtualhosting.cl,"80,443",2,True,True
dns10.hosting.cl,hosting.cl,"80,443,8443",3,True,True
dns2.bancochile.cl,bancochile.cl,"80,443,8080,8443",4,True,True
dns2.doctoralia.cl,doctoralia.cl,"80,443",2,True,True
dns2.hnc.cl,hnc.cl,"80,443",2,True,True
dns2.hostingplus.cl,hostingplus.cl,"80,443",2,True,True
dns2.ihost.cl,ihost.cl,"80,443",2,True,True
dns2.powerhost.cl,powerhost.cl,"80,443",2,True,True
dns2.virtualhosting.cl,virtualhosting.cl,"80,443",2,True,True
dns3.hosting.cl,hosting.cl,"80,443",2,True,True
dns3.hostingplus.cl,hostingplus.cl,"80,443",2,True,True
dns3.planetahosting.cl,planetahosting.cl,"80,443",2,True,True
dns3.powerhost.cl,powerhost.cl,"80,443",2,True,True
dns4.hosting.cl,hosting.cl,"80,443",2,True,True
dns4.planetahosting.cl,planetahosting.cl,"80,443",2,True,True
dns4.powerhost.cl,powerhost.cl,"80,443",2,True,True
dnsonly.powerhost.cl,powerhost.cl,"80,443",2,True,True
dnssec.lab.nic.cl,nic.cl,"80,443",2,True,True
dnsucn.trabajando.cl,trabajando.cl,"80,443",2,True,True
doc.autofact.cl,autofact.cl,"80,443",2,True,True
doceie.ucv.cl,ucv.cl,"80,443,8080",3,True,True
docencia.ufro.cl,ufro.cl,"80,443",2,True,True
docs.api.tgr.cl,tgr.cl,"80,443,8080,8443",4,True,True
docs.cajalosandes.cl,cajalosandes.cl,"80,443",2,True,True
docs.eldinamo.cl,eldinamo.cl,"80,443",2,True,True
docs.redbanc.cl,redbanc.cl,443,1,False,True
docs.thenorthface.cl,thenorthface.cl,"80,443",2,True,True
docs.uft.cl,uft.cl,443,1,False,True
doctoradofilosofia.uc.cl,uc.cl,"80,443",2,True,True
doctoradoingenieria.usm.cl,usm.cl,"80,443",2,True,True
doctoradorrnn.ufro.cl,ufro.cl,"80,443",2,True,True
document.bsale.cl,bsale.cl,"80,443",2,True,True
documentacion.entel.cl,entel.cl,"80,443,8080,8443",4,True,True
documentos.biobiochile.cl,biobiochile.cl,"80,443",2,True,True
documentos.preunic.cl,preunic.cl,"80,443",2,True,True
documentos.redelcom.cl,redelcom.cl,"80,443",2,True,True
dod.mercadolibre.cl,mercadolibre.cl,"80,443",2,True,True
domeyko.dii.uchile.cl,uchile.cl,"80,443",2,True,True
domssl.mercadolibre.cl,mercadolibre.cl,"80,443",2,True,True
drcovarrubias.reservo.cl,reservo.cl,"80,443",2,True,True
drevistas.ucv.cl,ucv.cl,80,1,True,False
drhis.redsalud.cl,redsalud.cl,"80,443",2,True,True
drone-experimental.tools-v3.walmartdigital.cl,walmartdigital.cl,"80,443",2,True,True
drone.tools.walmartdigital.cl,walmartdigital.cl,"80,443",2,True,True
drvaldes.reservo.cl,reservo.cl,"80,443",2,True,True
dt.gob.cl,gob.cl,"80,443",2,True,True
dte-cerc.c.sii.cl,sii.cl,443,1,False,True
dte-devc.c.sii.cl,sii.cl,443,1,False,True
dte.bsale.cl,bsale.cl,"80,443",2,True,True
dte.correos.cl,correos.cl,"80,443",2,True,True
dtplus.dirtrab.cl,dirtrab.cl,"80,443",2,True,True
dulcepatriaenvivo.cooperativa.cl,cooperativa.cl,"80,443",2,True,True
duoc.trabajando.cl,trabajando.cl,"80,443",2,True,True
duplicados.appoderado.cl,appoderado.cl,"80,443",2,True,True
dwp.aguasandinas.cl,aguasandinas.cl,"80,443,8080,8443",4,True,True
dyn.redbanc.cl,redbanc.cl,"80,443",2,True,True
e-capacita.sence.cl,sence.cl,"80,443",2,True,True
e-com.milicenciamedica.cl,milicenciamedica.cl,"80,443",2,True,True
e.cruzverde.cl,cruzverde.cl,"80,443,8080,8443",4,True,True
e0.isa.milicenciamedica.cl,milicenciamedica.cl,"80,443",2,True,True
e0.milicenciamedica.cl,milicenciamedica.cl,"80,443",2,True,True
earth.doctoralia.cl,doctoralia.cl,"80,443",2,True,True
earth.google.cl,google.cl,"80,443",2,True,True
eboleta.sii.cl,sii.cl,"80,443",2,True,True
ebooks.ediciones.uc.cl,uc.cl,"80,443",2,True,True
ec.doctoralia.cl,doctoralia.cl,"80,443",2,True,True
ecampuseducacion.unab.cl,unab.cl,"80,443,8080,8443",4,True,True
ecas.trabajando.cl,trabajando.cl,"80,443",2,True,True
eclipse.cooperativa.cl,cooperativa.cl,"80,443",2,True,True
ecomm-track.bancochile.cl,bancochile.cl,"80,443,8080,8443",4,True,True
ecommerce.correos.cl,correos.cl,443,1,False,True
economiaagraria.uc.cl,uc.cl,"80,443",2,True,True
economiacircular.cooperativa.cl,cooperativa.cl,"80,443",2,True,True
economicos.emol.cl,emol.cl,80,1,True,False
edelpa.trabajando.cl,trabajando.cl,"80,443",2,True,True
edenuncia.mutual.cl,mutual.cl,"80,443",2,True,True
edge1.dirtrab.cl,dirtrab.cl,"80,443",2,True,True
ediciones.uc.cl,uc.cl,"80,443",2,True,True
edicionimpresa.soychile.cl,soychile.cl,"80,443",2,True,True
edu.doctoralia.cl,doctoralia.cl,"80,443",2,True,True
edu.duoc.cl,duoc.cl,"80,443",2,True,True
edu.google.cl,google.cl,"80,443",2,True,True
educacioncontinua.arte.uc.cl,uc.cl,"80,443",2,True,True
educacioncontinua.fica.ufro.cl,ufro.cl,"80,443",2,True,True
efactura.entel.cl,entel.cl,"80,443",2,True,True
egov.usm.cl,usm.cl,"80,443",2,True,True
egresadoscpa.usach.cl,usach.cl,"80,443",2,True,True
eiffel.aws.paris.cl,paris.cl,"80,443",2,True,True
elb.bsale.cl,bsale.cl,"80,443",2,True,True
elearning.usm.cl,usm.cl,"80,443",2,True,True
elearning2.dirtrab.cl,dirtrab.cl,"80,443",2,True,True
elearning2.dt.gob.cl,gob.cl,"80,443",2,True,True
elecciones.adnradio.cl,adnradio.cl,"80,443",2,True,True
elecciones.chilevision.cl,chilevision.cl,"80,443",2,True,True
elecciones2013.cooperativa.cl,cooperativa.cl,"80,443",2,True,True
eleccionescosoc.extranjeria.gob.cl,gob.cl,"80,443,8080,8443",4,True,True
electrodomesticos.mercadolibre.cl,mercadolibre.cl,"80,443",2,True,True
elige.tvn.cl,tvn.cl,"80,443,8080,8443",4,True,True
eligemejor.sence.cl,sence.cl,"80,443",2,True,True
elmercurio.trabajando.cl,trabajando.cl,"80,443",2,True,True
elvolcan.trabajando.cl,trabajando.cl,"80,443",2,True,True
email.aguasandinas.cl,aguasandinas.cl,"80,443",2,True,True
email.emol.cl,emol.cl,"80,443",2,True,True
email.kupos.cl,kupos.cl,"80,443",2,True,True
email.mail.shopee.cl,shopee.cl,"80,443",2,True,True
email.mktg.redbanc.cl,redbanc.cl,"80,443",2,True,True
email.tumundo.cl,tumundo.cl,"80,443,8080,8443",4,True,True
embonor.trabajando.cl,trabajando.cl,"80,443",2,True,True
embotelladoraandina.trabajando.cl,trabajando.cl,"80,443",2,True,True
eme-bus.recorrido.cl,recorrido.cl,"80,443",2,True,True
emergencia.aguasandinas.cl,aguasandinas.cl,"80,443",2,True,True
emergencias.aguasandinas.cl,aguasandinas.cl,"80,443",2,True,True
emin.trabajando.cl,trabajando.cl,"80,443",2,True,True
eml-enviomailliquidacion.chileatiende.gob.cl,gob.cl,"80,443",2,True,True
emoltv.emol.cl,emol.cl,80,1,True,False
emon-nnm02.monitoring.entel.cl,entel.cl,443,1,False,True
emon-spi01.monitoring.entel.cl,entel.cl,443,1,False,True
emon-spi02.monitoring.entel.cl,entel.cl,443,1,False,True
emphosting10562.hosting.cl,hosting.cl,"80,443",2,True,True
empiezacontodo.cruzverde.cl,cruzverde.cl,"80,443",2,True,True
emplea.inacap.cl,inacap.cl,"80,443",2,True,True
empleos.bcentral.cl,bcentral.cl,"80,443",2,True,True
empleos.emol.cl,emol.cl,"80,443,8080",3,True,True
empleos.santander.cl,santander.cl,"80,443",2,True,True
empleosestudiantesaiep.trabajando.cl,trabajando.cl,"80,443",2,True,True
empleosfachuma.usach.cl,usach.cl,"80,443",2,True,True
empleosupla.trabajando.cl,trabajando.cl,"80,443",2,True,True
empresa.cajalosandes.cl,cajalosandes.cl,"80,443,8080,8443",4,True,True
empresa.viajesfalabella.cl,viajesfalabella.cl,443,1,False,True
empresas.entel.cl,entel.cl,"80,443,8080,8443",4,True,True
empresas.jumbo.cl,jumbo.cl,"80,443",2,True,True
empresas.mercadolibre.cl,mercadolibre.cl,"80,443",2,True,True
empresas.sence.cl,sence.cl,"80,443",2,True,True
empresas.trabajando.cl,trabajando.cl,"80,443,8080,8443",4,True,True
empresassb.trabajando.cl,trabajando.cl,"80,443,8080,8443",4,True,True
ems.nuevosidiv.registrocivil.cl,registrocivil.cl,"80,443,8080,8443",4,True,True
emto.ucsc.cl,ucsc.cl,"80,443",2,True,True
en.ufro.cl,ufro.cl,"80,443",2,True,True
enap.trabajando.cl,trabajando.cl,"80,443",2,True,True
encuesta.cooperativa.cl,cooperativa.cl,"80,443",2,True,True
encuestacalidaddevidaenlavejez.uc.cl,uc.cl,"80,443",2,True,True
encuestas.bancoripley.cl,bancoripley.cl,"80,443,8080,8443",4,True,True
encuestas.conicyt.cl,conicyt.cl,"80,443",2,True,True
encuestas.ministeriodesarrollosocial.gob.cl,gob.cl,"80,443",2,True,True
encuestas.tumundo.cl,tumundo.cl,"80,443",2,True,True
encuestasapoderado.junaeb.cl,junaeb.cl,"80,443",2,True,True
encuestasestructurales.bcentral.cl,bcentral.cl,"80,443",2,True,True
encuestasrpt.junaeb.cl,junaeb.cl,"80,443",2,True,True
encvulnerabilidad.sead.junaeb.cl,junaeb.cl,"80,443",2,True,True
endpoint.mms.staging.shopee.cl,shopee.cl,"80,443",2,True,True
endpoint.mms.uat.shopee.cl,shopee.cl,"80,443",2,True,True
enex.trabajando.cl,trabajando.cl,"80,443",2,True,True
eng.doctoralia.cl,doctoralia.cl,"80,443",2,True,True
engine.dt.gob.cl,gob.cl,"80,443",2,True,True
enjoy.trabajando.cl,trabajando.cl,"80,443",2,True,True
enlace.uc.cl,uc.cl,"80,443",2,True,True
enlaces.uala.udec.cl,udec.cl,"80,443,8080",3,True,True
enpersonas.trabajando.cl,trabajando.cl,"80,443",2,True,True
entel.cinemark.cl,cinemark.cl,"80,443,8080,8443",4,True,True
entel.trabajando.cl,trabajando.cl,"80,443",2,True,True
entelconviene.entel.cl,entel.cl,"80,443",2,True,True
enterprise.despegar.cl,despegar.cl,"80,443",2,True,True
enterprise.google.cl,google.cl,"80,443",2,True,True
enterpriseenrollment.bcentral.cl,bcentral.cl,"80,443",2,True,True
enterpriseenrollment.entel.cl,entel.cl,"80,443",2,True,True
enterpriseenrollment.gourmet.cl,gourmet.cl,"80,443",2,True,True
enterpriseenrollment.inacap.cl,inacap.cl,"80,443",2,True,True
enterpriseenrollment.redbanc.cl,redbanc.cl,"80,443",2,True,True
enterpriseregistration.bancofalabella.cl,bancofalabella.cl,"80,443",2,True,True
enterpriseregistration.gourmet.cl,gourmet.cl,"80,443",2,True,True
enterpriseregistration.redbanc.cl,redbanc.cl,"80,443",2,True,True
entrenador.webescuela.cl,webescuela.cl,"80,443",2,True,True
envcenter-saascicd-cirrus.bancoestado.cl,bancoestado.cl,"80,443",2,True,True
envios-lms.mercadolibre.cl,mercadolibre.cl,"80,443",2,True,True
envios-yms.mercadolibre.cl,mercadolibre.cl,"80,443",2,True,True
envios.mercadolibre.cl,mercadolibre.cl,"80,443",2,True,True
envivo.adnradio.cl,adnradio.cl,"80,443",2,True,True
envivo.teletrak.cl,teletrak.cl,"80,443",2,True,True
enzal2019.usach.cl,usach.cl,"80,443",2,True,True
ep.mutual.cl,mutual.cl,"80,443",2,True,True
epagos.inacap.cl,inacap.cl,"80,443",2,True,True
epiroc.trabajando.cl,trabajando.cl,"80,443",2,True,True
epsilon.mercadopago.cl,mercadopago.cl,"80,443",2,True,True
epub.webescuela.cl,webescuela.cl,"80,443",2,True,True
eq224.fdo-may.ubiobio.cl,ubiobio.cl,"80,443",2,True,True
eq37.fdo-may.ubiobio.cl,ubiobio.cl,"80,443",2,True,True
eq60.fdo-may.ubiobio.cl,ubiobio.cl,"80,443",2,True,True
eq61.fdo-may.ubiobio.cl,ubiobio.cl,"80,443",2,True,True
equipos.entel.cl,entel.cl,"80,443",2,True,True
es.milicenciamedica.cl,milicenciamedica.cl,"80,443",2,True,True
esb.entel.cl,entel.cl,"80,443",2,True,True
escanibalpinto.webescuela.cl,webescuela.cl,"80,443",2,True,True
escritorio-qa.milicenciamedica.cl,milicenciamedica.cl,"80,443",2,True,True
escritorio.dirtrab.cl,dirtrab.cl,"80,443",2,True,True
escuelaaprendiendoavivir.webescuela.cl,webescuela.cl,"80,443",2,True,True
escuelaarn.webescuela.cl,webescuela.cl,"80,443",2,True,True
escuelabasicabrasilia.webescuela.cl,webescuela.cl,"80,443",2,True,True
escuelabrasilia.webescuela.cl,webescuela.cl,"80,443",2,True,True
escuelacahuil.webescuela.cl,webescuela.cl,"80,443",2,True,True
escueladepedagogia.ufro.cl,ufro.cl,"80,443",2,True,True
escueladiaguitasdechalinga.webescuela.cl,webescuela.cl,"80,443",2,True,True
escuelamonopaine.webescuela.cl,webescuela.cl,"80,443",2,True,True
escuelaparticularalfayomega.webescuela.cl,webescuela.cl,"80,443",2,True,True
escuelaped.ufro.cl,ufro.cl,"80,443",2,True,True
escuelaporongo.webescuela.cl,webescuela.cl,"80,443",2,True,True
escuelasanfelipeneri.webescuela.cl,webescuela.cl,"80,443",2,True,True
escuelasantalaura.webescuela.cl,webescuela.cl,"80,443",2,True,True
escuelasolyluna.webescuela.cl,webescuela.cl,"80,443",2,True,True
escuelastarosadechena.webescuela.cl,webescuela.cl,"80,443",2,True,True
escuelatecnica.dirtrab.cl,dirtrab.cl,"80,443",2,True,True
escuelavallepenco.webescuela.cl,webescuela.cl,"80,443",2,True,True
escuesanfelipeneri.webescuela.cl,webescuela.cl,"80,443",2,True,True
eshops-test.mercadolibre.cl,mercadolibre.cl,"80,443",2,True,True
eshops.mercadolibre.cl,mercadolibre.cl,"80,443",2,True,True
espa.junaeb.cl,junaeb.cl,"80,443",2,True,True
espanol.udec.cl,udec.cl,"80,443,8080",3,True,True
especiales.adnradio.cl,adnradio.cl,"80,443",2,True,True
especiales.cooperativa.cl,cooperativa.cl,"80,443",2,True,True
especiales.eldinamo.cl,eldinamo.cl,"80,443",2,True,True
especiales.publimetro.cl,publimetro.cl,"80,443",2,True,True
estadisticaservices.pjud.cl,pjud.cl,"80,443",2,True,True
estadisticasyestudio.ministeriodesarrollosocial.gob.cl,gob.cl,"80,443",2,True,True
estaticos.24horas.cl,24horas.cl,"80,443,8080,8443",4,True,True
estilo.webescuela.cl,webescuela.cl,"80,443",2,True,True
estrangulacion.netline.cl,netline.cl,"80,443",2,True,True
estudiantes.mutual.cl,mutual.cl,"80,443",2,True,True
estudiosvirtuales.pjud.cl,pjud.cl,"80,443",2,True,True
esval.trabajando.cl,trabajando.cl,"80,443",2,True,True
et.duoc.cl,duoc.cl,"80,443",2,True,True
eum.bancofalabella.cl,bancofalabella.cl,"80,443",2,True,True
eurocopa.cooperativa.cl,cooperativa.cl,"80,443",2,True,True
evaformacioncontinua.ucsc.cl,ucsc.cl,"80,443",2,True,True
evalbecas.conicyt.cl,conicyt.cl,"80,443,8080,8443",4,True,True
evalcyt.conicyt.cl,conicyt.cl,"80,443,8080,8443",4,True,True
evalfast.conicyt.cl,conicyt.cl,"80,443,8080,8443",4,True,True
evalfondecyt.conicyt.cl,conicyt.cl,"80,443,8080,8443",4,True,True
evaluaciondocente.duoc.cl,duoc.cl,"80,443",2,True,True
evaluaciondocente.unab.cl,unab.cl,"80,443,8080,8443",4,True,True
evaluaciones.appoderado.cl,appoderado.cl,"80,443",2,True,True
evaluaciones.pjud.cl,pjud.cl,"80,443",2,True,True
evaluacionformativa.mineduc.cl,mineduc.cl,"80,443",2,True,True
evaluacionservicios.usm.cl,usm.cl,"80,443",2,True,True
evaluacionsned.mineduc.cl,mineduc.cl,"80,443",2,True,True
evapostgrados.ucsc.cl,ucsc.cl,"80,443",2,True,True
evento.yapo.cl,yapo.cl,"80,443,8080,8443",4,True,True
eventos.iacc.cl,iacc.cl,"80,443",2,True,True
events.google.cl,google.cl,"80,443",2,True,True
evirtual.mutual.cl,mutual.cl,"80,443",2,True,True
exafiliados.cajalosandes.cl,cajalosandes.cl,"80,443,8080,8443",4,True,True
exalumnos.duoc.cl,duoc.cl,"80,443",2,True,True
examenes-api.redsalud.cl,redsalud.cl,"80,443",2,True,True
examenes-beta-4p1.redsalud.cl,redsalud.cl,"80,443",2,True,True
examenes.redsalud.cl,redsalud.cl,"80,443",2,True,True
execution-ci360-prod.movistar.cl,movistar.cl,"80,443",2,True,True
expe-lgvl.bci.cl,bci.cl,8443,1,False,True
expe1.bancochile.cl,bancochile.cl,"80,443,8080,8443",4,True,True
expe2.bancochile.cl,bancochile.cl,"80,443,8080,8443",4,True,True
expediente-electronico.tgr.cl,tgr.cl,"80,443",2,True,True
expedienteenlinea.cge.cl,cge.cl,443,1,False,True
expedition.mercadolibre.cl,mercadolibre.cl,"80,443",2,True,True
expertos.unab.cl,unab.cl,"80,443,8080,8443",4,True,True
explorador.efe.cl,efe.cl,"80,443",2,True,True
extension.med.uchile.cl,uchile.cl,"80,443",2,True,True
extension.ubiobio.cl,ubiobio.cl,"80,443",2,True,True
extranet.bancoripley.cl,bancoripley.cl,"80,443",2,True,True
extranet.tvn.cl,tvn.cl,"80,443,8080,8443",4,True,True
extranetbf.bancofalabella.cl,bancofalabella.cl,443,1,False,True
extranetbf.lb.bancofalabella.cl,bancofalabella.cl,443,1,False,True
eychile.trabajando.cl,trabajando.cl,"80,443",2,True,True
f3911.netline.cl,netline.cl,"80,443",2,True,True
facility-config.mercadolibre.cl,mercadolibre.cl,"80,443",2,True,True
factec.usach.cl,usach.cl,"80,443",2,True,True
factoring-ui.bsale.cl,bsale.cl,"80,443",2,True,True
facturacion.powerhost.cl,powerhost.cl,"80,443",2,True,True
facultadeducacion.uft.cl,uft.cl,"80,443",2,True,True
facultades.unab.cl,unab.cl,"80,443,8080,8443",4,True,True
falp.trabajando.cl,trabajando.cl,"80,443,8080,8443",4,True,True
fam.trabajando.cl,trabajando.cl,"80,443",2,True,True
familia.pjud.cl,pjud.cl,"80,443",2,True,True
familiascapacitacion.ministeriodesarrollosocial.gob.cl,gob.cl,"80,443,8080",3,True,True
fan.core.api.espn.cl,espn.cl,"80,443",2,True,True
fan.core.api.qa.espn.cl,espn.cl,"80,443",2,True,True
faniai.bancochile.cl,bancochile.cl,"80,443,8080,8443",4,True,True
fantacy.hnc.cl,hnc.cl,"80,443",2,True,True
farmaciasdoctorsimi.trabajando.cl,trabajando.cl,"80,443",2,True,True
farmaciasknop.trabajando.cl,trabajando.cl,"80,443",2,True,True
fax.terra.cl,terra.cl,"80,443",2,True,True
fcfmpresencial.ing.uchile.cl,uchile.cl,"80,443",2,True,True
feature.idcrm.uat.shopee.cl,shopee.cl,"80,443",2,True,True
feedback-test.mercadolibre.cl,mercadolibre.cl,"80,443",2,True,True
fen.uft.cl,uft.cl,"80,443",2,True,True
feriados.cooperativa.cl,cooperativa.cl,"80,443",2,True,True
feriaingenieria.udec.cl,udec.cl,"80,443,8443",3,True,True
ferialaboral.inacap.cl,inacap.cl,"80,443",2,True,True
festivaldevina.cooperativa.cl,cooperativa.cl,"80,443",2,True,True
fhir.udec.cl,udec.cl,"80,443,8080",3,True,True
fibe.ministeriodesarrollosocial.gob.cl,gob.cl,"80,443,8080",3,True,True
fibra.wom.cl,wom.cl,"80,443",2,True,True
fiesta-evento.mercadolibre.cl,mercadolibre.cl,"80,443",2,True,True
file-importation.doctoralia.cl,doctoralia.cl,"80,443",2,True,True
file-proxy.return.test.shopee.cl,shopee.cl,"80,443",2,True,True
files.dev.blue.cl,blue.cl,"80,443,8080,8443",4,True,True
files.ecdn.entel.cl,entel.cl,"80,8080,8443",3,True,True
files.mega.cl,mega.cl,"80,443,8080,8443",4,True,True
files.qa.blue.cl,blue.cl,"80,443,8080,8443",4,True,True
finanzas.ucv.cl,ucv.cl,"80,8080,8443",3,True,True
fiori.efe.cl,efe.cl,"80,443",2,True,True
fiorips4.sap.cajalosandes.cl,cajalosandes.cl,"80,443",2,True,True
firma-xml-cmf.chileatiende.gob.cl,gob.cl,"80,443",2,True,True
firma.loteria.cl,loteria.cl,"80,443",2,True,True
firmadigital.aguasandinas.cl,aguasandinas.cl,"80,443,8080,8443",4,True,True
firmadigitalrrhh.aguasandinas.cl,aguasandinas.cl,"80,443,8080,8443",4,True,True
firmadigitalrrhhfiliales.aguasandinas.cl,aguasandinas.cl,"80,443,8080,8443",4,True,True
firmalaboral.loteria.cl,loteria.cl,"80,443",2,True,True
firmaproveedores.aguasandinas.cl,aguasandinas.cl,"80,443,8080,8443",4,True,True
firmas.bcentral.cl,bcentral.cl,"80,443",2,True,True
firmas.eldinamo.cl,eldinamo.cl,"80,443,8080,8443",4,True,True
firmas.gslb.bcentral.cl,bcentral.cl,"80,443",2,True,True
firmas.santander.cl,santander.cl,"80,443",2,True,True
firmasimple.aguasandinas.cl,aguasandinas.cl,"80,443,8080,8443",4,True,True
fiscalia.redsalud.cl,redsalud.cl,"80,443",2,True,True
fisica.usach.cl,usach.cl,"80,443",2,True,True
fitness.ripley.cl,ripley.cl,"80,443,8080,8443",4,True,True
fondefsis.conicyt.cl,conicyt.cl,"80,443,8080,8443",4,True,True
fondocredito.usach.cl,usach.cl,"80,443",2,True,True
fondoesperanza.trabajando.cl,trabajando.cl,"80,443",2,True,True
fondosconcursables.aguasandinas.cl,aguasandinas.cl,"80,443,8080,8443",4,True,True
form.elmostrador.cl,elmostrador.cl,"80,443",2,True,True
formacion.bne.cl,bne.cl,"443,8443",2,False,True
formacioncivica.bcn.cl,bcn.cl,"80,443",2,True,True
formacioncontinua.ucsc.cl,ucsc.cl,"80,443",2,True,True
formacioncontinua.uft.cl,uft.cl,443,1,False,True
forminterescolares.unab.cl,unab.cl,"80,443,8080,8443",4,True,True
forms.mega.cl,mega.cl,"80,443,8080,8443",4,True,True
forms.netline.cl,netline.cl,"80,443",2,True,True
forms2.mega.cl,mega.cl,"80,443,8080,8443",4,True,True
formula1.cooperativa.cl,cooperativa.cl,"80,443",2,True,True
formulario-ingreso.uft.cl,uft.cl,"80,443",2,True,True
formulariodenuncias.iacc.cl,iacc.cl,"80,443",2,True,True
formularios.bancoripley.cl,bancoripley.cl,"80,443",2,True,True
formularios.mega.cl,mega.cl,"80,443,8080,8443",4,True,True
formularios.sence.cl,sence.cl,"80,443",2,True,True
foro.dalealbo.cl,dalealbo.cl,"80,443,8080,8443",4,True,True
foros.doctoralia.cl,doctoralia.cl,"80,443",2,True,True
fortalecimiento-micha.chileatiende.gob.cl,gob.cl,"80,443",2,True,True
forum.trabajando.cl,trabajando.cl,"80,443",2,True,True
forus.trabajando.cl,trabajando.cl,"80,443",2,True,True
fos-containers.mercadolibre.cl,mercadolibre.cl,"80,443",2,True,True
fos-oot.mercadolibre.cl,mercadolibre.cl,"80,443",2,True,True
fos-waves.mercadolibre.cl,mercadolibre.cl,"80,443",2,True,True
fotografia.mercadolibre.cl,mercadolibre.cl,"80,443",2,True,True
fotos.chileautos.cl,chileautos.cl,"80,443",2,True,True
fragataportuguesa.cooperativa.cl,cooperativa.cl,"80,443",2,True,True
franciscosolermanfredini.webescuela.cl,webescuela.cl,"80,443",2,True,True
frayluisbeltran.webescuela.cl,webescuela.cl,"80,443",2,True,True
freire.stats.appoderado.cl,appoderado.cl,"80,443",2,True,True
fresno.milicenciamedica.cl,milicenciamedica.cl,"80,443",2,True,True
front-events.tgr.cl,tgr.cl,"80,443",2,True,True
front.24horas.cl,24horas.cl,"80,443,8080,8443",4,True,True
front.doctoralia.cl,doctoralia.cl,"80,443",2,True,True
front.elmostrador.cl,elmostrador.cl,"80,443",2,True,True
front.lahora.cl,lahora.cl,"80,443,8080,8443",4,True,True
front.tgr.cl,tgr.cl,"80,443",2,True,True
front001-consumultas-prd-consulta-multas-prod.api.dirtrab.cl,dirtrab.cl,"80,443",2,True,True
front001-ministros-de-fe.dirtrab.cl,dirtrab.cl,"80,443",2,True,True
frontera-del-norte.recorrido.cl,recorrido.cl,"80,443",2,True,True
fronterizadellifen.webescuela.cl,webescuela.cl,"80,443",2,True,True
ftp.ap2.cpanelhost.cl,cpanelhost.cl,"80,443",2,True,True
ftp.clubhipico.cl,clubhipico.cl,80,1,True,False
ftp.ibus.cl,ibus.cl,"80,443",2,True,True
ftp.int3.cpanelhost.cl,cpanelhost.cl,"80,443",2,True,True
ftp.int7.cpanelhost.cl,cpanelhost.cl,"80,443",2,True,True
ftp.meteochile.gob.cl,gob.cl,80,1,True,False
ftp.planetahosting.cl,planetahosting.cl,"80,443",2,True,True
ftp.portalnet.cl,portalnet.cl,"80,443,8080,8443",4,True,True
ftp.redsalud.cl,redsalud.cl,"80,443,8080,8443",4,True,True
ftp.silkperfumes.cl,silkperfumes.cl,"80,443",2,True,True
ftp.srv1.cpanelhost.cl,cpanelhost.cl,"80,443",2,True,True
ftp.tracker.cl,tracker.cl,"80,443",2,True,True
ftp.virtualhosting.cl,virtualhosting.cl,"80,443",2,True,True
fu.chileatiende.gob.cl,gob.cl,"80,443",2,True,True
fud.ministeriodesarrollosocial.gob.cl,gob.cl,"80,443",2,True,True
fundacioncchc.trabajando.cl,trabajando.cl,"80,443",2,True,True
futbol.biobiochile.cl,biobiochile.cl,"80,443",2,True,True
futboldelmundo.cooperativa.cl,cooperativa.cl,"80,443",2,True,True
futuronovato.uc.cl,uc.cl,"80,443",2,True,True
fw.cajalosandes.cl,cajalosandes.cl,"80,443",2,True,True
fw.sence.cl,sence.cl,"80,443",2,True,True
g-auth.mutual.cl,mutual.cl,"80,443",2,True,True
g-dev.mutual.cl,mutual.cl,"80,443",2,True,True
g-sts.mutual.cl,mutual.cl,"80,443",2,True,True
g.mercadolibre.cl,mercadolibre.cl,"80,443",2,True,True
g.mercadopago.cl,mercadopago.cl,"80,443",2,True,True
galerias.usm.cl,usm.cl,"80,443",2,True,True
galleries.doctoralia.cl,doctoralia.cl,"80,443",2,True,True
gameslocalteam.games.uat.shopee.cl,shopee.cl,"80,443",2,True,True
gamma.mercadopago.cl,mercadopago.cl,"80,443",2,True,True
gatekeeper-saascicd-cirrus.bancoestado.cl,bancoestado.cl,"80,443",2,True,True
gateway-externo-utilities-qa.api.dirtrab.cl,dirtrab.cl,"80,443",2,True,True
gateway.kupos.cl,kupos.cl,"80,443",2,True,True
gateway.tumundo.cl,tumundo.cl,443,1,False,True
gcp.mutual.cl,mutual.cl,"80,443",2,True,True
generatoken.sence.cl,sence.cl,"80,443",2,True,True
genero.conicyt.cl,conicyt.cl,"80,443",2,True,True
genero.ucsc.cl,ucsc.cl,"80,443",2,True,True
geo.emol.cl,emol.cl,"80,443,8080,8443",4,True,True
geonode.meteochile.gob.cl,gob.cl,"80,443",2,True,True
gestion-postgrado.usach.cl,usach.cl,"80,443",2,True,True
gestion.trabajando.cl,trabajando.cl,"80,443,8080,8443",4,True,True
gestiondeflota.entel.cl,entel.cl,"80,443",2,True,True
gestiondeproyectos.usm.cl,usm.cl,"80,443",2,True,True
gestioninmobiliaria.santander.cl,santander.cl,"80,443",2,True,True
gestor.practicatest.cl,practicatest.cl,"80,443",2,True,True
gestor.wom.cl,wom.cl,"80,443",2,True,True
gestorfriendly.wom.cl,wom.cl,"80,443",2,True,True
getnet.santander.cl,santander.cl,"80,443",2,True,True
gg.google.cl,google.cl,"80,443",2,True,True
gis.aguasandinas.cl,aguasandinas.cl,"80,443,8080,8443",4,True,True
git.chileatiende.gob.cl,gob.cl,"80,443",2,True,True
gmail.redgol.cl,redgol.cl,"80,443,8080,8443",4,True,True
go.dalealbo.cl,dalealbo.cl,"80,443",2,True,True
go.redgol.cl,redgol.cl,"80,443",2,True,True
gobernanza.ubiobio.cl,ubiobio.cl,"80,443",2,True,True
gobierno.uc.cl,uc.cl,"80,443",2,True,True
gore.appoderado.cl,appoderado.cl,"80,443",2,True,True
gp.dirtrab.cl,dirtrab.cl,"80,443",2,True,True
gp.milicenciamedica.cl,milicenciamedica.cl,"80,443",2,True,True
grafana.tools.walmartdigital.cl,walmartdigital.cl,"80,443,8080,8443",4,True,True
grandespersonas.farmaciasahumada.cl,farmaciasahumada.cl,"80,443,8080,8443",4,True,True
green.easy.cl,easy.cl,"80,443",2,True,True
gremios.clubhipico.cl,clubhipico.cl,"80,443",2,True,True
grima.24horas.cl,24horas.cl,"80,443",2,True,True
grm10img.emol.cl,emol.cl,"80,443",2,True,True
groups.google.cl,google.cl,"80,443",2,True,True
grow.conicyt.cl,conicyt.cl,"80,443",2,True,True
grupoalto.trabajando.cl,trabajando.cl,"80,443",2,True,True
grupogtd.trabajando.cl,trabajando.cl,"80,443",2,True,True
gsf51.bancochile.cl,bancochile.cl,"80,443,8080,8443",4,True,True
gsf52.bancochile.cl,bancochile.cl,"80,443,8080,8443",4,True,True
gsuite.google.cl,google.cl,"80,443",2,True,True
gsuite.powerhost.cl,powerhost.cl,"80,443",2,True,True
guia.mercadolibre.cl,mercadolibre.cl,"80,443",2,True,True
guiauditiva.uc.cl,uc.cl,"80,443",2,True,True
gw-qa-terceros.bancochile.cl,bancochile.cl,"80,443,8080,8443",4,True,True
gw1.doctoralia.cl,doctoralia.cl,"80,443",2,True,True
gwimsva.mutual.cl,mutual.cl,"80,443",2,True,True
h2hbcx.empresas.bancochile.cl,bancochile.cl,"80,443,8080,8443",4,True,True
h2hs.qa.empresas.bancochile.cl,bancochile.cl,"80,443,8080,8443",4,True,True
h5-z1-cirrus.bancoestado.cl,bancoestado.cl,"80,443",2,True,True
habitabilidad.ministeriodesarrollosocial.gob.cl,gob.cl,8443,1,False,True
haproxypam.usm.cl,usm.cl,"80,443",2,True,True
hayequipo.cooperativa.cl,cooperativa.cl,"80,443",2,True,True
haztecliente.bancoripley.cl,bancoripley.cl,443,1,False,True
hdiseguros.trabajando.cl,trabajando.cl,"80,443",2,True,True
help.ctrlit.cl,ctrlit.cl,"80,443",2,True,True
help.kameone.cl,kameone.cl,"80,443,8080,8443",4,True,True
help.scotiabank.cl,scotiabank.cl,"80,443",2,True,True
help.ticketmaster.cl,ticketmaster.cl,"80,443,8080,8443",4,True,True
help.trabajando.cl,trabajando.cl,"80,443",2,True,True
hisanalytics.redsalud.cl,redsalud.cl,"80,443",2,True,True
histologia.medicina.uc.cl,uc.cl,"80,443",2,True,True
historiaclinica-cmd.redsalud.cl,redsalud.cl,"80,443",2,True,True
historiaclinica-vitacura.redsalud.cl,redsalud.cl,"80,443",2,True,True
historiadelaley.bcn.cl,bcn.cl,"80,443",2,True,True
home.autofact.cl,autofact.cl,"80,443",2,True,True
home.mercadolibre.cl,mercadolibre.cl,"80,443",2,True,True
home.sii.cl,sii.cl,"80,443",2,True,True
home.tvn.cl,tvn.cl,"80,443",2,True,True
home.wom.cl,wom.cl,"443,8443",2,False,True
homeoffice.planetahosting.cl,planetahosting.cl,"80,443",2,True,True
homes-fend.mercadolibre.cl,mercadolibre.cl,"80,443",2,True,True
honoriscausa.unab.cl,unab.cl,"80,443,8080,8443",4,True,True
hospitaldesimulacion.unab.cl,unab.cl,"80,443,8080,8443",4,True,True
hosting-externos1.mat.uc.cl,uc.cl,"80,443",2,True,True
hosting01.mat.uc.cl,uc.cl,"80,443",2,True,True
hosting03.mat.uc.cl,uc.cl,"80,443",2,True,True
hosting2.mat.uc.cl,uc.cl,"80,443",2,True,True
hp.qa.discover.adidas.cl,adidas.cl,"80,443",2,True,True
hpv-alumnos.junaeb.cl,junaeb.cl,"80,443",2,True,True
hpv.junaeb.cl,junaeb.cl,"80,443",2,True,True
ht2.servicios.ubiobio.cl,ubiobio.cl,"80,443",2,True,True
ht3.servicios.ubiobio.cl,ubiobio.cl,"80,443",2,True,True
ht4.servicios.ubiobio.cl,ubiobio.cl,"80,443",2,True,True
i01.cooperativa.cl,cooperativa.cl,"80,443",2,True,True
ia.doctoralia.cl,doctoralia.cl,"80,443",2,True,True
ia.unab.cl,unab.cl,"80,443,8080,8443",4,True,True
iacc.trabajando.cl,trabajando.cl,"80,443",2,True,True
iam-backend.claveunica.gob.cl,gob.cl,"80,443",2,True,True
ibb-mantenedores-qa.redsalud.cl,redsalud.cl,"80,443",2,True,True
ibilbidea.recorrido.cl,recorrido.cl,"80,443",2,True,True
icafal.trabajando.cl,trabajando.cl,"80,443",2,True,True
icec.mineduc.cl,mineduc.cl,"80,443",2,True,True
ics-qa.bancofalabella.cl,bancofalabella.cl,443,1,False,True
ics.bancofalabella.cl,bancofalabella.cl,443,1,False,True
id.conicyt.cl,conicyt.cl,"80,443",2,True,True
id.df.cl,df.cl,"80,443,8080,8443",4,True,True
id.google.cl,google.cl,"80,443",2,True,True
id.milicenciamedica.cl,milicenciamedica.cl,"80,443",2,True,True
id.tgr.cl,tgr.cl,"80,443",2,True,True
id2.conicyt.cl,conicyt.cl,"80,443",2,True,True
idc.seller.shopee.cl,shopee.cl,"80,443",2,True,True
identidad.tumundo.cl,tumundo.cl,"80,443,8080",3,True,True
ieee-ica-acca2018.ubiobio.cl,ubiobio.cl,"80,443",2,True,True
iestadistica.ubiobio.cl,ubiobio.cl,"80,443",2,True,True
ifa.itau.cl,itau.cl,"80,443,8080,8443",4,True,True
igeaprod.cge.cl,cge.cl,443,1,False,True
igeaprod.gslb.cge.cl,cge.cl,443,1,False,True
iibm.uc.cl,uc.cl,"80,443",2,True,True
iieconf.ufro.cl,ufro.cl,"80,443",2,True,True
image.banca.santander.cl,santander.cl,"80,443",2,True,True
image.email.preunic.cl,preunic.cl,"80,443",2,True,True
image.google.cl,google.cl,"80,443",2,True,True
image.hola.scotiabank.cl,scotiabank.cl,"80,443",2,True,True
image.info.lider.cl,lider.cl,"80,443",2,True,True
image.informaciones.inacap.cl,inacap.cl,"80,443",2,True,True
image.promo.cinepolischile.cl,cinepolischile.cl,"80,443",2,True,True
image.risk.santander.cl,santander.cl,"80,443",2,True,True
imagenenmail.santander.cl,santander.cl,"80,443,8080,8443",4,True,True
imagenes.paris.cl,paris.cl,"80,443",2,True,True
imagenes.portalnet.cl,portalnet.cl,"80,443,8080,8443",4,True,True
imagenes.recorrido.cl,recorrido.cl,"80,443",2,True,True
imagenes.santander.cl,santander.cl,"80,443,8080,8443",4,True,True
imagenes.t13.cl,t13.cl,"80,443",2,True,True
images.lahora.cl,lahora.cl,"80,443,8080,8443",4,True,True
images.mailing.salcobrand.cl,salcobrand.cl,80,1,True,False
images.mega.cl,mega.cl,"80,443,8080,8443",4,True,True
images.yapo.cl,yapo.cl,"80,443,8080,8443",4,True,True
images2.mega.cl,mega.cl,"80,443,8080,8443",4,True,True
img.24horas.cl,24horas.cl,"80,443,8080",3,True,True
img.bancoripley.cl,bancoripley.cl,"80,443",2,True,True
img.contacto.integramedica.cl,integramedica.cl,"80,443,8080,8443",4,True,True
img.contacto1.integramedica.cl,integramedica.cl,"80,443,8080,8443",4,True,True
img.contacto2.integramedica.cl,integramedica.cl,"80,443,8080,8443",4,True,True
img.ecn.cl,ecn.cl,"80,443,8080,8443",4,True,True
img.emol.cl,emol.cl,"80,443",2,True,True
img.lahora.cl,lahora.cl,"80,443,8080,8443",4,True,True
img.publimetro.cl,publimetro.cl,"80,443,8080,8443",4,True,True
imgcomentarista.emol.cl,emol.cl,"80,443,8080,8443",4,True,True
imperial.trabajando.cl,trabajando.cl,"80,443",2,True,True
ims-production.walmartdigital.cl,walmartdigital.cl,"80,443,8080,8443",4,True,True
imspub.ripley.cl,ripley.cl,"80,443,8080,8443",4,True,True
inacap.trabajando.cl,trabajando.cl,"80,443,8080,8443",4,True,True
inbound.laborum.cl,laborum.cl,80,1,True,False
inclusion.iacc.cl,iacc.cl,"80,443",2,True,True
inclusionygenero.tgr.cl,tgr.cl,"80,443",2,True,True
indisponibilidad.dt.gob.cl,gob.cl,"80,443",2,True,True
info.efe.cl,efe.cl,"80,443",2,True,True
info.elmostrador.cl,elmostrador.cl,"80,443",2,True,True
info.scotiabank.cl,scotiabank.cl,"80,443",2,True,True
infocyt.conicyt.cl,conicyt.cl,"80,443",2,True,True
informacioncorporativa.entel.cl,entel.cl,"80,443",2,True,True
informe-precio.autofact.cl,autofact.cl,"80,443",2,True,True
informe.autofact.cl,autofact.cl,"80,443",2,True,True
informedeudas.cmfchile.cl,cmfchile.cl,443,1,False,True
informes-monitoreo.ministeriodesarrollosocial.gob.cl,gob.cl,"80,443",2,True,True
infoweb-prd.mutual.cl,mutual.cl,"80,443",2,True,True
infraestructurabicentenario.uchile.cl,uchile.cl,"80,443",2,True,True
infraestructuraescolar.mineduc.cl,mineduc.cl,"80,443",2,True,True
ingenieriadeprocesos.usach.cl,usach.cl,"80,443",2,True,True
ingenieros.trabajando.cl,trabajando.cl,"80,443",2,True,True
ingevec.trabajando.cl,trabajando.cl,"80,443",2,True,True
ingresodesolicitudes-ejecutivos.cajalosandes.cl,cajalosandes.cl,"80,443",2,True,True
ingresodesolicitudes.cajalosandes.cl,cajalosandes.cl,"80,443",2,True,True
ingress-gcp.appoderado.cl,appoderado.cl,"80,443",2,True,True
inmueble.mercadolibre.cl,mercadolibre.cl,"80,443",2,True,True
inmuebles-home.mercadolibre.cl,mercadolibre.cl,"80,443",2,True,True
inmuebles.mercadolibre.cl,mercadolibre.cl,"80,443",2,True,True
innovationsummit.usm.cl,usm.cl,"80,443",2,True,True
inprolec.trabajando.cl,trabajando.cl,"80,443",2,True,True
inscripcion-validacion-estudios.mineduc.cl,mineduc.cl,"80,443",2,True,True
inscripcion.ufro.cl,ufro.cl,"80,443",2,True,True
inscripcioneslab.duoc.cl,duoc.cl,"80,443",2,True,True
inscripcioninterescolaresexplora.unab.cl,unab.cl,"80,443,8080,8443",4,True,True
instagram.cooperativa.cl,cooperativa.cl,"80,443",2,True,True
instituciones.tgr.cl,tgr.cl,"80,443",2,True,True
institutosa.webescuela.cl,webescuela.cl,"80,443",2,True,True
instrumentos.mercadolibre.cl,mercadolibre.cl,"80,443",2,True,True
int1.cpanelhost.cl,cpanelhost.cl,"80,443",2,True,True
int3.cpanelhost.cl,cpanelhost.cl,"80,443",2,True,True
int6.cpanelhost.cl,cpanelhost.cl,"80,443",2,True,True
int7.cpanelhost.cl,cpanelhost.cl,"80,443",2,True,True
int8.cpanelhost.cl,cpanelhost.cl,"80,443",2,True,True
integracion.pjud.cl,pjud.cl,"80,443",2,True,True
integraciones.cajalosandes.cl,cajalosandes.cl,"80,443",2,True,True
integraciones.tgr.cl,tgr.cl,"80,443",2,True,True
integraciontest.pjud.cl,pjud.cl,"80,443",2,True,True
inteligenciasocial.uc.cl,uc.cl,"80,443",2,True,True
intercambio-oal.mutual.cl,mutual.cl,"80,443",2,True,True
internacionalizacion.uc.cl,uc.cl,"80,443",2,True,True
internos-cerc.c.sii.cl,sii.cl,443,1,False,True
internos-devc.c.sii.cl,sii.cl,443,1,False,True
interpinchazo-hub.dev.blue.cl,blue.cl,"80,443,8080,8443",4,True,True
intranet-qa.redsalud.cl,redsalud.cl,"80,443",2,True,True
intranet.arquitectura.usm.cl,usm.cl,"80,443",2,True,True
intranet.bcentral.cl,bcentral.cl,"80,443",2,True,True
intranet.clubhipico.cl,clubhipico.cl,"80,443",2,True,True
intranet.dirtrab.cl,dirtrab.cl,"80,443",2,True,True
intranet.efe.cl,efe.cl,"80,443",2,True,True
intranet.inacap.cl,inacap.cl,"80,443",2,True,True
intranet.mutual.cl,mutual.cl,"80,443,8080",3,True,True
intranet2010.creattiva.cl,creattiva.cl,"80,443",2,True,True
inventario.test.appoderado.cl,appoderado.cl,"80,443",2,True,True
inversionistas.cajalosandes.cl,cajalosandes.cl,"80,443,8080,8443",4,True,True
investigacionypostgrado.fadeu.uc.cl,uc.cl,"80,443",2,True,True
investor.bancoestado.cl,bancoestado.cl,"80,443",2,True,True
investors.cencosud.cl,cencosud.cl,"80,443,8080,8443",4,True,True
invierno.cruzverde.cl,cruzverde.cl,"80,443",2,True,True
io.sence.cl,sence.cl,8080,1,True,False
ipbritanico.chiletrabajos.cl,chiletrabajos.cl,"80,443",2,True,True
ipchile.trabajando.cl,trabajando.cl,"80,443",2,True,True
ipe.unab.cl,unab.cl,"80,443,8080,8443",4,True,True
iphone.terra.cl,terra.cl,"80,443,8080,8443",4,True,True
iplacex.trabajando.cl,trabajando.cl,"80,443",2,True,True
ipod.mercadolibre.cl,mercadolibre.cl,"80,443",2,True,True
ipv6.portalnet.cl,portalnet.cl,"80,443,8080,8443",4,True,True
iq.doctoralia.cl,doctoralia.cl,"80,443",2,True,True
ir.santander.cl,santander.cl,"80,443",2,True,True
ir.tumundo.cl,tumundo.cl,"80,443",2,True,True
is.doctoralia.cl,doctoralia.cl,"80,443",2,True,True
isl.mutual.cl,mutual.cl,"80,443,8080",3,True,True
ism.milicenciamedica.cl,milicenciamedica.cl,"80,443",2,True,True
ismages.uft.cl,uft.cl,"80,443",2,True,True
isp-app-ns.adc.dci.uc.cl,uc.cl,80,1,True,False
isp-app.adc.dci.uc.cl,uc.cl,"80,443",2,True,True
isp-app.adc.uc.cl,uc.cl,"80,443",2,True,True
isp-app.uc.cl,uc.cl,"80,443",2,True,True
isp-frame.adc.dci.uc.cl,uc.cl,"80,443",2,True,True
isp-jo.adc.dci.uc.cl,uc.cl,"80,443",2,True,True
isp-wp.adc.dci.uc.cl,uc.cl,"80,443",2,True,True
itau.trabajando.cl,trabajando.cl,"80,443",2,True,True
itsm.entel.cl,entel.cl,443,1,False,True
iva-cerc.c.sii.cl,sii.cl,443,1,False,True
iva-devc.c.sii.cl,sii.cl,443,1,False,True
ivrapplicationservices.ose.wom.cl,wom.cl,"443,8443",2,False,True
jejingenieria.trabajando.cl,trabajando.cl,"80,443",2,True,True
jenkins-civa.kupos.cl,kupos.cl,"80,443,8080",3,True,True
jenkins-turbus.kupos.cl,kupos.cl,"80,443",2,True,True
jenkins.efe.cl,efe.cl,"80,443",2,True,True
jenkinsqa.bancochile.cl,bancochile.cl,"80,443,8080,8443",4,True,True
jimlicanten.webescuela.cl,webescuela.cl,"80,443",2,True,True
jmt17.google.cl,google.cl,"80,443",2,True,True
jo.adc.dci.uc.cl,uc.cl,"80,443",2,True,True
jo.uc.cl,uc.cl,"80,443",2,True,True
jornada-excepcional.api.dirtrab.cl,dirtrab.cl,"80,443",2,True,True
jornadas.psicologia.usach.cl,usach.cl,"80,443",2,True,True
jornadaspregrado.ufro.cl,ufro.cl,"80,443",2,True,True
journals.ufro.cl,ufro.cl,"80,443",2,True,True
jovenseguro.unab.cl,unab.cl,"80,443,8080,8443",4,True,True
juegoresponsable.polla.cl,polla.cl,"80,443",2,True,True
juliet.doctoralia.cl,doctoralia.cl,"80,443",2,True,True
juris.pjud.cl,pjud.cl,"80,443",2,True,True
jzonasur.ufro.cl,ufro.cl,"80,443",2,True,True
k.milicenciamedica.cl,milicenciamedica.cl,"80,443",2,True,True
kafka-connect.production-oyrhvq.walmartdigital.cl,walmartdigital.cl,"80,443,8080,8443",4,True,True
kelimutu.cajalosandes.cl,cajalosandes.cl,8443,1,False,True
kexa-production.recorrido.cl,recorrido.cl,443,1,False,True
kexa-qa.recorrido.cl,recorrido.cl,"80,443",2,True,True
key.recorrido.cl,recorrido.cl,443,1,False,True
kgysling-test.bio.puc.cl,puc.cl,"80,443",2,True,True
kiali-marketplace-prd-cl-gcp.ripley.cl,ripley.cl,"80,443,8080,8443",4,True,True
kids-qa.ripley.cl,ripley.cl,"80,443,8080,8443",4,True,True
kitchencenter.trabajando.cl,trabajando.cl,"80,443",2,True,True
kmcero.publimetro.cl,publimetro.cl,"80,443",2,True,True
koandina.trabajando.cl,trabajando.cl,"80,443",2,True,True
kodiak.aguasandinas.cl,aguasandinas.cl,"80,443,8080,8443",4,True,True
kolibri.curriculumnacional.cl,curriculumnacional.cl,"80,443",2,True,True
komatsu.trabajando.cl,trabajando.cl,"80,443",2,True,True
kunstmann.trabajando.cl,trabajando.cl,"80,443",2,True,True
kupos-prod-perubus.kupos.cl,kupos.cl,"80,443",2,True,True
l.preunic.cl,preunic.cl,"80,443,8080,8443",4,True,True
labmedios.ufro.cl,ufro.cl,"80,443",2,True,True
laboral.inacap.cl,inacap.cl,"80,443",2,True,True
laboral.pjud.cl,pjud.cl,"80,443",2,True,True
labs.emol.cl,emol.cl,"80,443",2,True,True
labs.mercadopago.cl,mercadopago.cl,"80,443",2,True,True
labs.soychile.cl,soychile.cl,"80,443",2,True,True
labws.cinemark.cl,cinemark.cl,"80,443,8080,8443",4,True,True
ladupla.cruzverde.cl,cruzverde.cl,"80,443",2,True,True
laetitia.usach.cl,usach.cl,"80,443",2,True,True
laloma.bcn.cl,bcn.cl,"80,443",2,True,True
lan.despegar.cl,despegar.cl,"80,443",2,True,True
landing-premium.turbus.cl,turbus.cl,"80,443",2,True,True
lapolar.despegar.cl,despegar.cl,"80,443",2,True,True
lapolar.trabajando.cl,trabajando.cl,"80,443",2,True,True
laravel.creattiva.cl,creattiva.cl,"80,443",2,True,True
larunrayun.webescuela.cl,webescuela.cl,"80,443",2,True,True
lascar.cajalosandes.cl,cajalosandes.cl,"80,443",2,True,True
lasegunda.emol.cl,emol.cl,"80,443",2,True,True
lastmile-slots.production.walmartdigital.cl,walmartdigital.cl,"80,443,8080,8443",4,True,True
latamtravel-chile.despegar.cl,despegar.cl,"80,443",2,True,True
lauraelguetadelaflorida.webescuela.cl,webescuela.cl,"80,443",2,True,True
lavirgen2.bcn.cl,bcn.cl,"80,443",2,True,True
lb-rp.tools-v3.walmartdigital.cl,walmartdigital.cl,"80,443",2,True,True
lb.grd.redsalud.cl,redsalud.cl,"80,443",2,True,True
lb.qagrd.redsalud.cl,redsalud.cl,"80,443",2,True,True
lb.tottus.cl,tottus.cl,443,1,False,True
lb.usm.cl,usm.cl,"80,443",2,True,True
lb1.mutual.cl,mutual.cl,443,1,False,True
lb2.mutual.cl,mutual.cl,443,1,False,True
lb9704.qagrd.redsalud.cl,redsalud.cl,"80,443",2,True,True
lcb.uft.cl,uft.cl,"80,443",2,True,True
lce.sence.cl,sence.cl,"80,443",2,True,True
lea.uc.cl,uc.cl,"80,443",2,True,True
lead.preuniversitario.uc.cl,uc.cl,"80,443",2,True,True
leadingestion.istio-system.cdp1.aws-prod1-useast1.aws.sfdc.cl,sfdc.cl,443,1,False,True
learninghub.mercadolibre.cl,mercadolibre.cl,"80,443",2,True,True
leasingdigital.itau.cl,itau.cl,"80,443,8080,8443",4,True,True
lefmvespertino.usach.cl,usach.cl,"80,443",2,True,True
legacy.bancoripley.cl,bancoripley.cl,"80,443",2,True,True
legales.biobiochile.cl,biobiochile.cl,"80,443",2,True,True
legales.elmostrador.cl,elmostrador.cl,"80,443",2,True,True
lemc.usach.cl,usach.cl,"80,443",2,True,True
levis.trabajando.cl,trabajando.cl,"80,443",2,True,True
lexikon.udec.cl,udec.cl,"80,443,8080",3,True,True
leychile.bcn.cl,bcn.cl,"80,443",2,True,True
leydetransparencia.bcentral.cl,bcentral.cl,"80,443",2,True,True
leyla.conicyt.cl,conicyt.cl,"80,443",2,True,True
leylobby.bcentral.cl,bcentral.cl,"80,443",2,True,True
lib.milicenciamedica.cl,milicenciamedica.cl,"80,443",2,True,True
librerias-crm.tumundo.cl,tumundo.cl,"80,443",2,True,True
libro-pie.appoderado.cl,appoderado.cl,"80,443",2,True,True
librodigital.icb.udec.cl,udec.cl,"80,443,8080",3,True,True
libros.mercadolibre.cl,mercadolibre.cl,"80,443",2,True,True
librosb.clubhipico.cl,clubhipico.cl,"80,443",2,True,True
libs.biobiochile.cl,biobiochile.cl,"80,443",2,True,True
liceoagustinross.webescuela.cl,webescuela.cl,"80,443",2,True,True
licitacion.junaeb.cl,junaeb.cl,"80,443",2,True,True
lightning.chilevision.cl,chilevision.cl,"80,443",2,True,True
linatal.recorrido.cl,recorrido.cl,"80,443",2,True,True
linde-hl.trabajando.cl,trabajando.cl,"80,443",2,True,True
link.curriculumnacional.cl,curriculumnacional.cl,"80,443",2,True,True
link.gourmet.cl,gourmet.cl,"80,443",2,True,True
link.laborum.cl,laborum.cl,"80,443",2,True,True
link.mercadopago.cl,mercadopago.cl,"80,443",2,True,True
links.laborum.cl,laborum.cl,"80,443",2,True,True
linux.ubiobio.cl,ubiobio.cl,"80,443",2,True,True
lipigas.trabajando.cl,trabajando.cl,"80,443",2,True,True
lista-espera.usach.cl,usach.cl,"80,443",2,True,True
listacorreo.chiletrabajos.cl,chiletrabajos.cl,"80,443",2,True,True
listado.mercadolibre.cl,mercadolibre.cl,"80,443",2,True,True
listas.mat.uc.cl,uc.cl,80,1,True,False
lists.netline.cl,netline.cl,"80,443",2,True,True
listserver.doctoralia.cl,doctoralia.cl,"80,443",2,True,True
liu.cmm.uchile.cl,uchile.cl,"80,443",2,True,True
livekit.emol.cl,emol.cl,"80,443",2,True,True
liveness.mercadolibre.cl,mercadolibre.cl,"80,443",2,True,True
liveness.mercadopago.cl,mercadopago.cl,"80,443",2,True,True
livetech.shopee.cl,shopee.cl,"80,443",2,True,True
lk.milicenciamedica.cl,milicenciamedica.cl,"80,443",2,True,True
llanquihue6.siga.usm.cl,usm.cl,"80,443,8080,8443",4,True,True
local.google.cl,google.cl,"80,443",2,True,True
local.mercadolibre.cl,mercadolibre.cl,"80,443",2,True,True
localesfasa.farmaciasahumada.cl,farmaciasahumada.cl,"80,443,8080,8443",4,True,True
localhost.cruzverde.cl,cruzverde.cl,"80,443",2,True,True
log-7b4df495.santander.cl,santander.cl,443,1,False,True
login-microsoftonline-com.redbanc.cl,redbanc.cl,443,1,False,True
login-ocp.wom.cl,wom.cl,"80,443",2,True,True
login.bancochile.cl,bancochile.cl,"80,443,8080,8443",4,True,True
login.bsale.cl,bsale.cl,"80,443",2,True,True
login.dev.blue.cl,blue.cl,"80,443,8080,8443",4,True,True
login.hostgator.cl,hostgator.cl,"80,443,8080,8443",4,True,True
login.mineduc.cl,mineduc.cl,"80,443",2,True,True
login.ministeriodesarrollosocial.gob.cl,gob.cl,"80,443,8080,8443",4,True,True
login.personas.dev.bancochile.cl,bancochile.cl,"80,443,8080,8443",4,True,True
login.personas.itau.cl,itau.cl,"80,443",2,True,True
login.portal.bancochile.cl,bancochile.cl,"80,443,8080,8443",4,True,True
login.portalempresas.bancochile.cl,bancochile.cl,"80,443,8080,8443",4,True,True
login.qa.bancochile.cl,bancochile.cl,"80,443,8080,8443",4,True,True
login.usm.cl,usm.cl,"80,443",2,True,True
logincorreo.duoc.cl,duoc.cl,80,1,True,False
logistica.redelcom.cl,redelcom.cl,"80,443",2,True,True
logs.emol.cl,emol.cl,"80,443,8080",3,True,True
logt.usach.cl,usach.cl,"80,443",2,True,True
loro.dti.udec.cl,udec.cl,80,1,True,False
loslagoschile.webescuela.cl,webescuela.cl,"80,443",2,True,True
lotso.aguasandinas.cl,aguasandinas.cl,"80,443,8080,8443",4,True,True
lounge.trabajando.cl,trabajando.cl,"80,443",2,True,True
loyalty-demo.bsale.cl,bsale.cl,80,1,True,False
loyalty.bsale.cl,bsale.cl,"80,443",2,True,True
luisduranddurand.webescuela.cl,webescuela.cl,"80,443",2,True,True
luke.creattiva.cl,creattiva.cl,"80,443",2,True,True
luke.cruzverde.cl,cruzverde.cl,"80,443",2,True,True
lundinmining.trabajando.cl,trabajando.cl,"80,443",2,True,True
lync2013-se.uft.cl,uft.cl,"80,443",2,True,True
m.24horas.cl,24horas.cl,"80,443,8080,8443",4,True,True
m.adidas.cl,adidas.cl,"80,443",2,True,True
m.aguasandinas.cl,aguasandinas.cl,"80,443,8080,8443",4,True,True
m.biblioteca.duoc.cl,duoc.cl,"80,443",2,True,True
m.biobiochile.cl,biobiochile.cl,"80,443",2,True,True
m.cooperativa.cl,cooperativa.cl,"80,443",2,True,True
m.dalealbo.cl,dalealbo.cl,"80,443",2,True,True
m.development.adidas.cl,adidas.cl,"80,443",2,True,True
m.farmaciasahumada.cl,farmaciasahumada.cl,"80,443",2,True,True
m.flashscore.cl,flashscore.cl,"80,443",2,True,True
m.google.cl,google.cl,"80,443",2,True,True
m.ibus.cl,ibus.cl,80,1,True,False
m.inacap.cl,inacap.cl,"80,443",2,True,True
m.kupos.cl,kupos.cl,"80,443",2,True,True
m.laborum.cl,laborum.cl,"80,443,8080,8443",4,True,True
m.mercadolibre.cl,mercadolibre.cl,"80,443",2,True,True
m.mutual.cl,mutual.cl,"80,443",2,True,True
m.polla.cl,polla.cl,"80,443",2,True,True
m.portalnet.cl,portalnet.cl,"80,443,8080,8443",4,True,True
m.sgscm.laborum.cl,laborum.cl,"80,443,8080,8443",4,True,True
m.staging.adidas.cl,adidas.cl,"80,443",2,True,True
m.terratv.terra.cl,terra.cl,"80,443,8080,8443",4,True,True
m2.polla.cl,polla.cl,"80,443",2,True,True
ma.milicenciamedica.cl,milicenciamedica.cl,"80,443",2,True,True
mads-off.mercadolibre.cl,mercadolibre.cl,"80,443",2,True,True
maestra.trabajando.cl,trabajando.cl,"80,443",2,True,True
maestros-qa.efe.cl,efe.cl,"80,443",2,True,True
maestros.efe.cl,efe.cl,"80,443",2,True,True
magallanes.mineduc.cl,mineduc.cl,"80,443",2,True,True
magingquimica.usach.cl,usach.cl,"80,443",2,True,True
magistercienciassociales.ufro.cl,ufro.cl,"80,443",2,True,True
magistereconomia.usach.cl,usach.cl,"80,443",2,True,True
magisterenconstruccion.uc.cl,uc.cl,"80,443",2,True,True
magisterenestadistica.ubiobio.cl,ubiobio.cl,"80,443",2,True,True
mail.adc.dci.uc.cl,uc.cl,"80,443",2,True,True
mail.ap2.cpanelhost.cl,cpanelhost.cl,"80,443",2,True,True
mail.autofact.cl,autofact.cl,"80,443",2,True,True
mail.ayuda.powerhost.cl,powerhost.cl,"80,443",2,True,True
mail.biblio.ucsc.cl,ucsc.cl,"80,443",2,True,True
mail.blog.powerhost.cl,powerhost.cl,"80,443",2,True,True
mail.cauditor.ucsc.cl,ucsc.cl,"80,443",2,True,True
mail.chiletrabajos.cl,chiletrabajos.cl,"80,443",2,True,True
mail.cl.creattiva.cl,creattiva.cl,"80,443",2,True,True
mail.clubhipico.cl,clubhipico.cl,"80,443",2,True,True
mail.condomi2.hostingplus.cl,hostingplus.cl,"80,443,8443",3,True,True
mail.consejofacultad.med.uchile.cl,uchile.cl,"80,443",2,True,True
mail.dalealbo.cl,dalealbo.cl,"80,443",2,True,True
mail.dam.ucsc.cl,ucsc.cl,"80,443",2,True,True
mail.derecho.ucsc.cl,ucsc.cl,"80,443",2,True,True
mail.descarga.hostingplus.cl,hostingplus.cl,"80,443",2,True,True
mail.df.cl,df.cl,"80,443",2,True,True
mail.dj-ismael.hnc.cl,hnc.cl,"80,443",2,True,True
mail.dnsonly.powerhost.cl,powerhost.cl,"80,443",2,True,True
mail.doctoradoedu.ucsc.cl,ucsc.cl,"80,443",2,True,True
mail.duoc.cl,duoc.cl,"80,443",2,True,True
mail.ebasica.ucsc.cl,ucsc.cl,"80,443",2,True,True
mail.educfisica.ucsc.cl,ucsc.cl,"80,443",2,True,True
mail.eldinamo.cl,eldinamo.cl,"80,443",2,True,True
mail.elmostrador.cl,elmostrador.cl,"80,443",2,True,True
mail.ematematica.ucsc.cl,ucsc.cl,"80,443",2,True,True
mail.emingles.ucsc.cl,ucsc.cl,"80,443",2,True,True
mail.emreligion.ucsc.cl,ucsc.cl,"80,443",2,True,True
mail.enfermeria.ucsc.cl,ucsc.cl,"80,443",2,True,True
mail.eparvulos.ucsc.cl,ucsc.cl,"80,443",2,True,True
mail.facturacion.powerhost.cl,powerhost.cl,"80,443",2,True,True
mail.fantacy.hnc.cl,hnc.cl,"80,443",2,True,True
mail.farmaciasahumada.cl,farmaciasahumada.cl,"80,443,8080,8443",4,True,True
mail.filosofia.ucsc.cl,ucsc.cl,"80,443",2,True,True
mail.gourmet.cl,gourmet.cl,80,1,True,False
mail.gsuite.powerhost.cl,powerhost.cl,"80,443",2,True,True
mail.ibus.cl,ibus.cl,"80,443",2,True,True
mail.ihost.cl,ihost.cl,"80,443",2,True,True
mail.int1.cpanelhost.cl,cpanelhost.cl,"80,443",2,True,True
mail.int3.cpanelhost.cl,cpanelhost.cl,"80,443",2,True,True
mail.int7.cpanelhost.cl,cpanelhost.cl,"80,443",2,True,True
mail.intranet2010.creattiva.cl,creattiva.cl,"80,443",2,True,True
mail.kinesiologia.ucsc.cl,ucsc.cl,"80,443",2,True,True
mail.laravel.creattiva.cl,creattiva.cl,"80,443",2,True,True
mail.luke.creattiva.cl,creattiva.cl,"80,443",2,True,True
mail.magister.ucsc.cl,ucsc.cl,"80,443",2,True,True
mail.magisteredu.ucsc.cl,ucsc.cl,"80,443",2,True,True
mail.medicina.ucsc.cl,ucsc.cl,"80,443",2,True,True
mail.miip.benzahosting.cl,benzahosting.cl,"80,443",2,True,True
mail.netline.cl,netline.cl,"80,443",2,True,True
mail.nic.cl,nic.cl,"80,443",2,True,True
mail.ns3.creattiva.cl,creattiva.cl,"80,443",2,True,True
mail.panel.hosting.cl,hosting.cl,"80,443",2,True,True
mail.panel.planetahosting.cl,planetahosting.cl,"80,443",2,True,True
mail.parrot.hostingplus.cl,hostingplus.cl,"80,443,8443",3,True,True
mail.patagon-vaper.hnc.cl,hnc.cl,"80,443",2,True,True
mail.planetahosting.cl,planetahosting.cl,"80,443",2,True,True
mail.portal.powerhost.cl,powerhost.cl,"80,443",2,True,True
mail.portalnet.cl,portalnet.cl,"80,443,8443",3,True,True
mail.power51.powerhost.cl,powerhost.cl,"80,443",2,True,True
mail.power53.powerhost.cl,powerhost.cl,"80,443",2,True,True
mail.power71.powerhost.cl,powerhost.cl,"80,443",2,True,True
mail.power73.powerhost.cl,powerhost.cl,"80,443",2,True,True
mail.powerhost.cl,powerhost.cl,"80,443",2,True,True
mail.qa.bancochile.cl,bancochile.cl,"80,443,8080,8443",4,True,True
mail.qaciencias.ucsc.cl,ucsc.cl,"80,443",2,True,True
mail.qmciencias.ucsc.cl,ucsc.cl,"80,443",2,True,True
mail.rifasolidaria.creattiva.cl,creattiva.cl,"80,443",2,True,True
mail.sansano.usm.cl,usm.cl,"80,443",2,True,True
mail.scm.hosting.cl,hosting.cl,"80,443",2,True,True
mail.sence.cl,sence.cl,443,1,False,True
mail.sheep.hostingplus.cl,hostingplus.cl,"80,443,8443",3,True,True
mail.silkperfumes.cl,silkperfumes.cl,"80,443",2,True,True
mail.srv-aws229.creattiva.cl,creattiva.cl,"80,443",2,True,True
mail.srv1.cpanelhost.cl,cpanelhost.cl,"80,443",2,True,True
mail.srv160.creattiva.cl,creattiva.cl,"80,443",2,True,True
mail.srv30.creattiva.cl,creattiva.cl,"80,443",2,True,True
mail.srv34.creattiva.cl,creattiva.cl,"80,443",2,True,True
mail.srv35.creattiva.cl,creattiva.cl,"80,443",2,True,True
mail.srv36.creattiva.cl,creattiva.cl,"80,443",2,True,True
mail.srv54-aws.creattiva.cl,creattiva.cl,"80,443",2,True,True
mail.srv60.creattiva.cl,creattiva.cl,"80,443",2,True,True
mail.ssd12.hnc.cl,hnc.cl,"80,443",2,True,True
mail.ssd5.hnc.cl,hnc.cl,"80,443",2,True,True
mail.ssd6.hnc.cl,hnc.cl,"80,443",2,True,True
mail.tecnologiamedica.ucsc.cl,ucsc.cl,"80,443",2,True,True
mail.tgr.cl,tgr.cl,"80,443",2,True,True
mail.thenorthface.cl,thenorthface.cl,"80,443",2,True,True
mail.tracker.cl,tracker.cl,"80,443",2,True,True
mail.tumundo.cl,tumundo.cl,"80,443",2,True,True
mail.virtualhosting.cl,virtualhosting.cl,"80,443",2,True,True
mail.webescuela.cl,webescuela.cl,"80,443",2,True,True
mail.wphd.hosting.cl,hosting.cl,"80,443",2,True,True
mail.wpssd.hosting.cl,hosting.cl,"80,443",2,True,True
mail1.pjud.cl,pjud.cl,"80,443",2,True,True
mail2.clubhipico.cl,clubhipico.cl,"80,443",2,True,True
mail2.ecdn.entel.cl,entel.cl,"80,8080,8443",3,True,True
mail2.pjud.cl,pjud.cl,"80,443",2,True,True
mail2.ripley.cl,ripley.cl,"80,443,8080,8443",4,True,True
mail4.nic.cl,nic.cl,"80,443",2,True,True
maildt.dirtrab.cl,dirtrab.cl,443,1,False,True
mailer.milicenciamedica.cl,milicenciamedica.cl,"80,443",2,True,True
mailg.bio.puc.cl,puc.cl,"80,443",2,True,True
mailing.chileautos.cl,chileautos.cl,"80,443",2,True,True
mailing.cooperativa.cl,cooperativa.cl,"80,443",2,True,True
mailing.gourmet.cl,gourmet.cl,"80,443",2,True,True
mailing.itau.cl,itau.cl,"80,443",2,True,True
mailing.milicenciamedica.cl,milicenciamedica.cl,"80,443",2,True,True
mailing.preunic.cl,preunic.cl,"80,443",2,True,True
mailing.salcobrand.cl,salcobrand.cl,"80,443",2,True,True
mailing.webescuela.cl,webescuela.cl,"80,443",2,True,True
main.milicenciamedica.cl,milicenciamedica.cl,"80,443",2,True,True
maine.milicenciamedica.cl,milicenciamedica.cl,"80,443",2,True,True
maintenance.lider.cl,lider.cl,"80,443,8080,8443",4,True,True
mais.uft.cl,uft.cl,443,1,False,True
mallplaza.trabajando.cl,trabajando.cl,"80,443",2,True,True
mandatario-ingress.w.sii.cl,sii.cl,443,1,False,True
mandatarios.tgr.cl,tgr.cl,"80,443",2,True,True
manhattan.paris.cl,paris.cl,"80,443",2,True,True
manpowercorporativo.trabajando.cl,trabajando.cl,"80,443",2,True,True
mantencion.ministeriodesarrollosocial.gob.cl,gob.cl,"80,443",2,True,True
mantencion.paris.cl,paris.cl,"80,443",2,True,True
mantencion.sence.cl,sence.cl,"80,443",2,True,True
mantenimiento.aguasandinas.cl,aguasandinas.cl,"80,443,8080,8443",4,True,True
mantenimiento.efe.cl,efe.cl,"80,443",2,True,True
mantenimiento.unab.cl,unab.cl,"80,443,8080,8443",4,True,True
map.bcentral.cl,bcentral.cl,"80,443",2,True,True
map.google.cl,google.cl,"80,443",2,True,True
mapa.mercadolibre.cl,mercadolibre.cl,"80,443",2,True,True
mapas.google.cl,google.cl,"80,443",2,True,True
mapas.meteored.cl,meteored.cl,"80,443,8080,8443",4,True,True
marcadores.biobiochile.cl,biobiochile.cl,"80,443",2,True,True
marketing.redelcom.cl,redelcom.cl,"80,443,8080,8443",4,True,True
marketplace.mercadolibre.cl,mercadolibre.cl,"80,443",2,True,True
marketplace.paris.cl,paris.cl,"80,443",2,True,True
martilleros.pjud.cl,pjud.cl,"80,443",2,True,True
masautos.chileautos.cl,chileautos.cl,80,1,True,False
masbeneficios.cajalosandes.cl,cajalosandes.cl,"80,443",2,True,True
mascerca.pjud.cl,pjud.cl,"80,443",2,True,True
mascota.ripley.cl,ripley.cl,"80,443,8080,8443",4,True,True
masfoco.cruzverde.cl,cruzverde.cl,"80,443",2,True,True
masformacionmasdesarrollo.cajalosandes.cl,cajalosandes.cl,"80,443",2,True,True
masproteccion.cajalosandes.cl,cajalosandes.cl,"80,443",2,True,True
massachusetts.doctoralia.cl,doctoralia.cl,"80,443",2,True,True
master-preproduccion.redsalud.cl,redsalud.cl,"80,443",2,True,True
masterscollege.webescuela.cl,webescuela.cl,"80,443",2,True,True
masterweb.uft.cl,uft.cl,443,1,False,True
match.autofact.cl,autofact.cl,"80,443",2,True,True
matchskills-admin.bne.cl,bne.cl,"80,443",2,True,True
matchskills-api.bne.cl,bne.cl,"80,443",2,True,True
matchskills-chinchinero.bne.cl,bne.cl,"80,443",2,True,True
matchskills-staging-api.bne.cl,bne.cl,"80,443",2,True,True
matchskills-staging-chinchinero.bne.cl,bne.cl,"80,443",2,True,True
matchskills-staging.bne.cl,bne.cl,"80,443",2,True,True
matchskills.bne.cl,bne.cl,"80,443",2,True,True
matematicas.unab.cl,unab.cl,"80,443,8080,8443",4,True,True
matriculaonline.uft.cl,uft.cl,"80,443",2,True,True
matt.mercadolibre.cl,mercadolibre.cl,"80,443",2,True,True
matt.mercadopago.cl,mercadopago.cl,"80,443",2,True,True
mayorista.emol.cl,emol.cl,"80,443",2,True,True
mc.loteria.cl,loteria.cl,"80,443",2,True,True
mcarga.efe.cl,efe.cl,"80,443",2,True,True
mce.comunicaciones.uc.cl,uc.cl,80,1,True,False
mce.ucsc.cl,ucsc.cl,"80,443",2,True,True
mclics-stats.mercadolibre.cl,mercadolibre.cl,"80,443",2,True,True
mcprod.dbs.cl,dbs.cl,"80,443",2,True,True
mcprod.thenorthface.cl,thenorthface.cl,"80,443",2,True,True
mcstaging.checkout.thenorthface.cl,thenorthface.cl,"80,443",2,True,True
mcstaging.dbs.cl,dbs.cl,"80,443",2,True,True
mcstaging.mercadopublico.cl,mercadopublico.cl,"80,443",2,True,True
mcstaging.thenorthface.cl,thenorthface.cl,"80,443",2,True,True
mcstaging2.mercadopublico.cl,mercadopublico.cl,"80,443",2,True,True
mcstaging3.mercadopublico.cl,mercadopublico.cl,"80,443",2,True,True
md.reservo.cl,reservo.cl,"80,443",2,True,True
mdm-as.entel.cl,entel.cl,443,1,False,True
mdm-ds.entel.cl,entel.cl,443,1,False,True
mdm.entel.cl,entel.cl,443,1,False,True
mdsti.cajalosandes.cl,cajalosandes.cl,"80,443",2,True,True
media-front.elmostrador.cl,elmostrador.cl,"80,443",2,True,True
media.24horas.cl,24horas.cl,"80,443,8080,8443",4,True,True
media.adnradio.cl,adnradio.cl,"80,443",2,True,True
media.biobiochile.cl,biobiochile.cl,"80,443",2,True,True
media.easy.cl,easy.cl,"80,443",2,True,True
media.eldinamo.cl,eldinamo.cl,"80,443",2,True,True
media.elmostrador.cl,elmostrador.cl,"80,443",2,True,True
media.tottus.cl,tottus.cl,"80,443,8080,8443",4,True,True
mediacenter.ecn.cl,ecn.cl,80,1,True,False
mediacenterbeta.ecn.cl,ecn.cl,80,1,True,False
mediakit.soychile.cl,soychile.cl,"80,443",2,True,True
mediakit.yapo.cl,yapo.cl,"80,443,8080,8443",4,True,True
mediaserver.emol.cl,emol.cl,"80,443,8080,8443",4,True,True
mediaservervid.emol.cl,emol.cl,"80,443",2,True,True
mediations-test.mercadolibre.cl,mercadolibre.cl,"80,443",2,True,True
medicina.uc.cl,uc.cl,"80,443",2,True,True
medicina.ufro.cl,ufro.cl,"80,443",2,True,True
medicoscontralores.mutual.cl,mutual.cl,"80,443",2,True,True
meds.trabajando.cl,trabajando.cl,"80,443",2,True,True
meet.mineduc.cl,mineduc.cl,"80,443",2,True,True
mega.trabajando.cl,trabajando.cl,"80,443",2,True,True
mejoratubiblioteca.usm.cl,usm.cl,"80,443",2,True,True
melichat-proxy-beta.mercadolibre.cl,mercadolibre.cl,"80,443",2,True,True
melichat.mercadolibre.cl,mercadolibre.cl,"80,443",2,True,True
melichat.mercadopago.cl,mercadopago.cl,"80,443",2,True,True
melidata.mercadolibre.cl,mercadolibre.cl,"80,443",2,True,True
melidata.mercadopago.cl,mercadopago.cl,"80,443",2,True,True
melon.trabajando.cl,trabajando.cl,"80,443",2,True,True
memoria-2015.mineduc.cl,mineduc.cl,"80,443",2,True,True
mentoring.udec.cl,udec.cl,"80,443",2,True,True
mercadoads-test2.mercadolibre.cl,mercadolibre.cl,"80,443",2,True,True
mercadochec.cooperativa.cl,cooperativa.cl,"80,443",2,True,True
mercadoclics-beta.mercadolibre.cl,mercadolibre.cl,"80,443",2,True,True
mercadoclics-test.mercadolibre.cl,mercadolibre.cl,"80,443",2,True,True
merreader.emol.cl,emol.cl,"80,443,8080,8443",4,True,True
merreaderm.emol.cl,emol.cl,"80,443",2,True,True
mesadeayudati.sence.cl,sence.cl,"80,443,8080,8443",4,True,True
messenger.post-office-ticker.doctoralia.cl,doctoralia.cl,"80,443",2,True,True
metaer.meteochile.gob.cl,gob.cl,"80,443",2,True,True
metlife.trabajando.cl,trabajando.cl,"80,443",2,True,True
metrics.elmostrador.cl,elmostrador.cl,"80,443",2,True,True
metro.trabajando.cl,trabajando.cl,"80,443,8080,8443",4,True,True
metropol.trabajando.cl,trabajando.cl,"80,443",2,True,True
metropolitana.mineduc.cl,mineduc.cl,"80,443",2,True,True
mf2.conicyt.cl,conicyt.cl,"80,443",2,True,True
mga2.usm.cl,usm.cl,"80,443",2,True,True
mge.ubiobio.cl,ubiobio.cl,"80,443",2,True,True
mgs-cirrus.bancoestado.cl,bancoestado.cl,"80,443",2,True,True
mhd.pjud.cl,pjud.cl,"80,443",2,True,True
mhsee.ubiobio.cl,ubiobio.cl,"80,443",2,True,True
mi-app.chileatiende.gob.cl,gob.cl,"80,443",2,True,True
mi-cuenta.ripley.cl,ripley.cl,"80,443,8080,8443",4,True,True
mi.chileatiende.gob.cl,gob.cl,"80,443",2,True,True
mi.cinemark.cl,cinemark.cl,"80,443,8080,8443",4,True,True
mi.preunic.cl,preunic.cl,"80,443,8080,8443",4,True,True
mi.redsalud.cl,redsalud.cl,"80,443",2,True,True
mi.tottus.cl,tottus.cl,"80,443,8080,8443",4,True,True
mi3.chileatiende.gob.cl,gob.cl,"80,443",2,True,True
mibanco.santander.cl,santander.cl,"80,443",2,True,True
mibeintra.bancoestado.cl,bancoestado.cl,"80,443",2,True,True
miconexion.correos.cl,correos.cl,443,1,False,True
microservicios-staging.aguasandinas.cl,aguasandinas.cl,"80,443,8080,8443",4,True,True
microservicios.api.aguasandinas.cl,aguasandinas.cl,"80,443,8080,8443",4,True,True
micuenta-dev.ripley.cl,ripley.cl,"80,443,8080,8443",4,True,True
midas.mat.uc.cl,uc.cl,"80,443",2,True,True
mideuc.trabajando.cl,trabajando.cl,"80,443",2,True,True
midt.dirtrab.cl,dirtrab.cl,"80,443",2,True,True
miequipoprotegido.entel.cl,entel.cl,"80,443",2,True,True
mifuturo.college.uc.cl,uc.cl,"80,443",2,True,True
miip.benzahosting.cl,benzahosting.cl,"80,443",2,True,True
mim.trabajando.cl,trabajando.cl,"80,443",2,True,True
mimico.efe.cl,efe.cl,"80,443",2,True,True
mimundoenpalabrasdebuin.webescuela.cl,webescuela.cl,"80,443",2,True,True
mingaco.ucv.cl,ucv.cl,80,1,True,False
minisitios-ripleypuntos.ripley.cl,ripley.cl,"80,443,8080,8443",4,True,True
miniso.trabajando.cl,trabajando.cl,"80,443",2,True,True
ministeriodesarrollosocial.gob.cl,gob.cl,"80,443",2,True,True
mint9.cpanelhost.cl,cpanelhost.cl,"80,443",2,True,True
minutoverde.trabajando.cl,trabajando.cl,"80,443,8080,8443",4,True,True
miperfil.entel.cl,entel.cl,"80,443",2,True,True
miportal-dev.cajalosandes.cl,cajalosandes.cl,"80,443,8080,8443",4,True,True
miportal-qa.cajalosandes.cl,cajalosandes.cl,"80,443,8080,8443",4,True,True
miportal.cajalosandes.cl,cajalosandes.cl,"80,443,8080,8443",4,True,True
miportal.entel.cl,entel.cl,"80,443",2,True,True
miportalbeta.bancoripley.cl,bancoripley.cl,"80,443,8080,8443",4,True,True
miportalempresa.cajalosandes.cl,cajalosandes.cl,"80,443,8080,8443",4,True,True
mireclamo.cineplanet.cl,cineplanet.cl,443,1,False,True
miredsalud-4p1.redsalud.cl,redsalud.cl,"80,443",2,True,True
mis.doctoralia.cl,doctoralia.cl,"80,443",2,True,True
miscursos.mutual.cl,mutual.cl,"80,443",2,True,True
miscursosqa.mutual.cl,mutual.cl,"80,443",2,True,True
misdatos.tgr.cl,tgr.cl,"80,443",2,True,True
misii.sii.cl,sii.cl,443,1,False,True
mismetas.cajalosandes.cl,cajalosandes.cl,"80,443,8080,8443",4,True,True
mistyc.ubiobio.cl,ubiobio.cl,"80,443",2,True,True
misucursal.cajalosandes.cl,cajalosandes.cl,443,1,False,True
misucursalempresa.cajalosandes.cl,cajalosandes.cl,443,1,False,True
miturno.pjud.cl,pjud.cl,"80,443",2,True,True
mivpn.itau.cl,itau.cl,443,1,False,True
mizona.ufro.cl,ufro.cl,"80,443",2,True,True
mkt.autofact.cl,autofact.cl,"80,443",2,True,True
mobile-wl.viajesfalabella.cl,viajesfalabella.cl,"80,443",2,True,True
mobile.bancofalabella.cl,bancofalabella.cl,"80,443,8080,8443",4,True,True
mobile.mutual.cl,mutual.cl,"80,443",2,True,True
mobile.nuevosidiv.registrocivil.cl,registrocivil.cl,"80,443,8080,8443",4,True,True
mobile.ose-uat.wom.cl,wom.cl,"80,443",2,True,True
mobile2.bancofalabella.cl,bancofalabella.cl,"80,443,8080,8443",4,True,True
mockups.webescuela.cl,webescuela.cl,"80,443",2,True,True
moderador.soychile.cl,soychile.cl,"80,443",2,True,True
modernizacionmunicipal.cooperativa.cl,cooperativa.cl,"80,443",2,True,True
monitor.loteria.cl,loteria.cl,"80,443",2,True,True
monitor27.creattiva.cl,creattiva.cl,"80,443",2,True,True
monitoring.entel.cl,entel.cl,443,1,False,True
mortuoria-lemans.chileatiende.gob.cl,gob.cl,"80,443",2,True,True
motos.mercadolibre.cl,mercadolibre.cl,"80,443",2,True,True
mottorsautomotriz.chileautos.cl,chileautos.cl,80,1,True,False
movil.santander.cl,santander.cl,"80,443",2,True,True
movil.tumundo.cl,tumundo.cl,"80,443",2,True,True
movilidad.conicyt.cl,conicyt.cl,"80,443",2,True,True
movilidadtransbankuc.mat.uc.cl,uc.cl,"80,443",2,True,True
movistar.trabajando.cl,trabajando.cl,"80,443",2,True,True
movistarliveshopping.mega.cl,mega.cl,"80,443,8080,8443",4,True,True
moxtra.scotiabank.cl,scotiabank.cl,"80,443",2,True,True
mp3.mercadolibre.cl,mercadolibre.cl,"80,443",2,True,True
mpjf.ufro.cl,ufro.cl,"80,443",2,True,True
mpu.speedtest.telmexchile.cl,telmexchile.cl,"80,443,8080",3,True,True
ms-liquidacion-unificada.chileatiende.gob.cl,gob.cl,"80,443",2,True,True
ms-reforma-recaudacion.chileatiende.gob.cl,gob.cl,"80,443",2,True,True
ms-sach.chileatiende.gob.cl,gob.cl,"80,443",2,True,True
ms-subsidio-discapacidad.chileatiende.gob.cl,gob.cl,"80,443",2,True,True
ms-tokenizador.chileatiende.gob.cl,gob.cl,"80,443",2,True,True
ms-tramite-apoderados.chileatiende.gob.cl,gob.cl,"80,443",2,True,True
msoid.bancofalabella.cl,bancofalabella.cl,"80,443",2,True,True
msoid.cruzverde.cl,cruzverde.cl,"80,443",2,True,True
msoid.efe.cl,efe.cl,"80,443",2,True,True
msstage-jenkins.kupos.cl,kupos.cl,"80,8080",2,True,False
mta.milicenciamedica.cl,milicenciamedica.cl,"80,443",2,True,True
mta.recorrido.cl,recorrido.cl,"80,443,8080,8443",4,True,True
mtls-cc-gw.api-qa.bancochile.cl,bancochile.cl,"80,443,8080,8443",4,True,True
mtn.bancoestado.cl,bancoestado.cl,"80,443",2,True,True
mts.soychile.cl,soychile.cl,"80,443",2,True,True
mts.trabajando.cl,trabajando.cl,"80,443",2,True,True
mtu.doctoralia.cl,doctoralia.cl,"80,443",2,True,True
mujer.cooperativa.cl,cooperativa.cl,"80,443",2,True,True
mujer.eldinamo.cl,eldinamo.cl,"80,443",2,True,True
multas.autofact.cl,autofact.cl,"80,443",2,True,True
multi-os.blue.cl,blue.cl,"80,443,8080,8443",4,True,True
mundial.cruzverde.cl,cruzverde.cl,"80,443",2,True,True
mundoconnect.tumundo.cl,tumundo.cl,"80,443",2,True,True
mundogo.tumundo.cl,tumundo.cl,"80,443,8080,8443",4,True,True
mundografico.emol.cl,emol.cl,"80,443,8080,8443",4,True,True
mundotask.tumundo.cl,tumundo.cl,"80,443",2,True,True
municipales.cooperativa.cl,cooperativa.cl,"80,443",2,True,True
musica.mercadolibre.cl,mercadolibre.cl,"80,443",2,True,True
musica.soychile.cl,soychile.cl,"80,443",2,True,True
musica.tvn.cl,tvn.cl,"80,443",2,True,True
mutual.trabajando.cl,trabajando.cl,"80,443",2,True,True
mutualdeseguros.trabajando.cl,trabajando.cl,"80,443",2,True,True
mutualnet.mutual.cl,mutual.cl,"80,443",2,True,True
mvp.farmaciasahumada.cl,farmaciasahumada.cl,"80,443,8080,8443",4,True,True
mx.reservo.cl,reservo.cl,"80,443",2,True,True
my.archdaily.cl,archdaily.cl,"80,443",2,True,True
myaccount-alpha.mercadolibre.cl,mercadolibre.cl,"80,443",2,True,True
myaccount-dev.mercadolibre.cl,mercadolibre.cl,"80,443",2,True,True
myaccount-release.mercadolibre.cl,mercadolibre.cl,"80,443",2,True,True
myaccount-sandbox.mercadolibre.cl,mercadolibre.cl,"80,443",2,True,True
myaccount-test.mercadolibre.cl,mercadolibre.cl,"80,443",2,True,True
myaccount-test2.mercadolibre.cl,mercadolibre.cl,"80,443",2,True,True
myaccount.mercadolibre.cl,mercadolibre.cl,"80,443",2,True,True
mygirls.adidas.cl,adidas.cl,"80,443",2,True,True
myml-applications.mercadolibre.cl,mercadolibre.cl,"80,443",2,True,True
mysql01.doctoralia.cl,doctoralia.cl,"80,443",2,True,True
nautica.mercadolibre.cl,mercadolibre.cl,"80,443",2,True,True
navegacion-prd-gcp.ripley.cl,ripley.cl,"80,443",2,True,True
navegacion-preprod.ripley.cl,ripley.cl,"80,443",2,True,True
navegacion-staging.ripley.cl,ripley.cl,"80,443",2,True,True
navidad.cruzverde.cl,cruzverde.cl,"80,443",2,True,True
navidad.jumbo.cl,jumbo.cl,"80,443",2,True,True
navidad.mercadolibre.cl,mercadolibre.cl,"80,443",2,True,True
navidad2024.correos.cl,correos.cl,"80,443",2,True,True
naviera.bsale.cl,bsale.cl,"80,443",2,True,True
nayax.redelcom.cl,redelcom.cl,"80,443",2,True,True
nbaxespn.espn.cl,espn.cl,80,1,True,False
neltume.dt.gob.cl,gob.cl,"80,443",2,True,True
netlan.trabajando.cl,trabajando.cl,"80,443",2,True,True
netmeeting.doctoralia.cl,doctoralia.cl,"80,443",2,True,True
neuroanatomia.ufro.cl,ufro.cl,"80,443",2,True,True
new-agenda.redsalud.cl,redsalud.cl,"80,443",2,True,True
new-frontend-paris-novios.aws.paris.cl,paris.cl,"80,443",2,True,True
new-login.bsale.cl,bsale.cl,"80,443",2,True,True
new-mi.cinemark.cl,cinemark.cl,"80,443,8080,8443",4,True,True
new.cinemark.cl,cinemark.cl,"80,443,8080,8443",4,True,True
new.dbs.cl,dbs.cl,"80,443",2,True,True
new.jugabet.cl,jugabet.cl,"80,443,8080,8443",4,True,True
new.reservo.cl,reservo.cl,"80,443",2,True,True
new.turbus.cl,turbus.cl,"80,443",2,True,True
news.google.cl,google.cl,"80,443",2,True,True
newsapi.ecn.cl,ecn.cl,"80,443,8080",3,True,True
newsletter.emol.cl,emol.cl,"80,443",2,True,True
newsletters.eldinamo.cl,eldinamo.cl,"80,443",2,True,True
newstg1-bus.kupos.cl,kupos.cl,"80,443",2,True,True
newstg1.kupos.cl,kupos.cl,"80,443",2,True,True
newstg2-bebus.kupos.cl,kupos.cl,"80,443",2,True,True
newstg2-biobiobus.kupos.cl,kupos.cl,"80,443",2,True,True
newstg2-opsmweb.kupos.cl,kupos.cl,"80,443",2,True,True
newstg2-ssropsites.kupos.cl,kupos.cl,"80,443",2,True,True
newstg2-turbus.kupos.cl,kupos.cl,"80,443",2,True,True
newstg2.kupos.cl,kupos.cl,"80,443",2,True,True
newstg3-ssrdweb.kupos.cl,kupos.cl,"80,443",2,True,True
newstg4-gdsbus.kupos.cl,kupos.cl,"80,443",2,True,True
newyork.milicenciamedica.cl,milicenciamedica.cl,"80,443",2,True,True
nginx-proxy-reverse.appoderado.cl,appoderado.cl,"80,443",2,True,True
nidea.uc.cl,uc.cl,"80,443",2,True,True
nna.ministeriodesarrollosocial.gob.cl,gob.cl,"80,443,8080,8443",4,True,True
nnmamsa.monitoring.entel.cl,entel.cl,443,1,False,True
nnmcarab.monitoring.entel.cl,entel.cl,443,1,False,True
nodoaudiovisual.uchile.cl,uchile.cl,"80,443",2,True,True
noprdtde.entel.cl,entel.cl,443,1,False,True
noticias.bcn.cl,bcn.cl,"80,443",2,True,True
noticias.pjud.cl,pjud.cl,"80,443",2,True,True
noticias.terra.cl,terra.cl,"80,443,8080,8443",4,True,True
noticias.tvn.cl,tvn.cl,"80,443",2,True,True
noticias.ubiobio.cl,ubiobio.cl,"80,443",2,True,True
noticias.unab.cl,unab.cl,"80,443,8080,8443",4,True,True
noticias.usm.cl,usm.cl,"80,443",2,True,True
notif.api.blue.cl,blue.cl,"80,443,8080,8443",4,True,True
notifications.mercadolibre.cl,mercadolibre.cl,"80,443",2,True,True
notify.stg.at.kupos.cl,kupos.cl,80,1,True,False
novell.isa.milicenciamedica.cl,milicenciamedica.cl,"80,443",2,True,True
novios.ripley.cl,ripley.cl,"80,443,8080,8443",4,True,True
npbcch.bcentral.cl,bcentral.cl,443,1,False,True
nr.emol.cl,emol.cl,"80,443",2,True,True
ns.duoc.cl,duoc.cl,443,1,False,True
ns.meganoticias.cl,meganoticias.cl,"80,443,8080,8443",4,True,True
ns.megatiempo.cl,megatiempo.cl,"80,443,8080,8443",4,True,True
ns01.milicenciamedica.cl,milicenciamedica.cl,"80,443",2,True,True
ns1.bcn.cl,bcn.cl,443,1,False,True
ns1.creattiva.cl,creattiva.cl,"80,443",2,True,True
ns1.despegar.cl,despegar.cl,"80,443,8080,8443",4,True,True
ns1.ecdn.entel.cl,entel.cl,"80,8080,8443",3,True,True
ns1.inacap.cl,inacap.cl,"80,443",2,True,True
ns1.lacosa.hnc.cl,hnc.cl,"80,443",2,True,True
ns1.pjud.cl,pjud.cl,"80,443",2,True,True
ns1.uft.cl,uft.cl,443,1,False,True
ns1.viajesfalabella.cl,viajesfalabella.cl,"80,443,8080,8443",4,True,True
ns10.hostgator.cl,hostgator.cl,"80,443",2,True,True
ns100.benzahosting.cl,benzahosting.cl,"80,443",2,True,True
ns106.benzahosting.cl,benzahosting.cl,"80,443",2,True,True
ns11.hostgator.cl,hostgator.cl,"80,443",2,True,True
ns12.hostgator.cl,hostgator.cl,"80,443",2,True,True
ns13.hostgator.cl,hostgator.cl,"80,443",2,True,True
ns14.hostgator.cl,hostgator.cl,"80,443",2,True,True
ns15.hostgator.cl,hostgator.cl,"80,443",2,True,True
ns16.hostgator.cl,hostgator.cl,"80,443",2,True,True
ns17.hostgator.cl,hostgator.cl,"80,443",2,True,True
ns18.hostgator.cl,hostgator.cl,"80,443",2,True,True
ns19.hostgator.cl,hostgator.cl,"80,443",2,True,True
ns2.comercialdaher.hnc.cl,hnc.cl,"80,443",2,True,True
ns2.creattiva.cl,creattiva.cl,"80,443",2,True,True
ns2.despegar.cl,despegar.cl,"80,443,8080,8443",4,True,True
ns2.duoc.cl,duoc.cl,443,1,False,True
ns2.ecdn.entel.cl,entel.cl,"80,8080,8443",3,True,True
ns2.efe.cl,efe.cl,"80,443",2,True,True
ns2.inacap.cl,inacap.cl,"80,443",2,True,True
ns2.udec.cl,udec.cl,"80,443",2,True,True
ns2.uft.cl,uft.cl,443,1,False,True
ns2.viajesfalabella.cl,viajesfalabella.cl,"80,443,8080,8443",4,True,True
ns20.hostgator.cl,hostgator.cl,"80,443",2,True,True
ns21.hostgator.cl,hostgator.cl,"80,443",2,True,True
ns22.hostgator.cl,hostgator.cl,"80,443",2,True,True
ns23.hostgator.cl,hostgator.cl,"80,443",2,True,True
ns24.hostgator.cl,hostgator.cl,"80,443",2,True,True
ns25.hostgator.cl,hostgator.cl,"80,443",2,True,True
ns26.hostgator.cl,hostgator.cl,"80,443",2,True,True
ns27.hostgator.cl,hostgator.cl,"80,443",2,True,True
ns28.hostgator.cl,hostgator.cl,"80,443",2,True,True
ns29.hostgator.cl,hostgator.cl,"80,443",2,True,True
ns3.creattiva.cl,creattiva.cl,"80,443",2,True,True
ns3.despegar.cl,despegar.cl,"80,443,8080,8443",4,True,True
ns3.efe.cl,efe.cl,"80,443",2,True,True
ns3.inacap.cl,inacap.cl,"80,443",2,True,True
ns3.mega.cl,mega.cl,"80,443,8080,8443",4,True,True
ns3.viajesfalabella.cl,viajesfalabella.cl,"80,443,8080,8443",4,True,True
ns32.benzahosting.cl,benzahosting.cl,"80,443",2,True,True
ns39.benzahosting.cl,benzahosting.cl,"80,443",2,True,True
ns4.creattiva.cl,creattiva.cl,"80,443",2,True,True
ns4.despegar.cl,despegar.cl,"80,443,8080,8443",4,True,True
ns4.inacap.cl,inacap.cl,"80,443",2,True,True
ns4.loteria.cl,loteria.cl,"80,443",2,True,True
ns4.viajesfalabella.cl,viajesfalabella.cl,"80,443,8080,8443",4,True,True
ns41.benzahosting.cl,benzahosting.cl,"80,443",2,True,True
ns48.benzahosting.cl,benzahosting.cl,"80,443",2,True,True
ns54.benzahosting.cl,benzahosting.cl,"80,443",2,True,True
ns66.benzahosting.cl,benzahosting.cl,"80,443",2,True,True
ns69.benzahosting.cl,benzahosting.cl,"80,443",2,True,True
nspro10.hostgator.cl,hostgator.cl,"80,443",2,True,True
nspro11.hostgator.cl,hostgator.cl,"80,443",2,True,True
nspro12.hostgator.cl,hostgator.cl,"80,443",2,True,True
nspro13.hostgator.cl,hostgator.cl,"80,443",2,True,True
nspro14.hostgator.cl,hostgator.cl,"80,443",2,True,True
nspro15.hostgator.cl,hostgator.cl,"80,443",2,True,True
nt4.milicenciamedica.cl,milicenciamedica.cl,"80,443",2,True,True
nt40.milicenciamedica.cl,milicenciamedica.cl,"80,443",2,True,True
nuestracaja.cajalosandes.cl,cajalosandes.cl,"80,443",2,True,True
nuestromundo.webescuela.cl,webescuela.cl,"80,443",2,True,True
nuestrosparques.trabajando.cl,trabajando.cl,"80,443",2,True,True
nuevo-arriendo-sig.efe.cl,efe.cl,"80,443",2,True,True
nuevo-catastro-sig.efe.cl,efe.cl,"80,443",2,True,True
nuevo-uap-sig.efe.cl,efe.cl,"80,443",2,True,True
nuevo.jumbo.cl,jumbo.cl,"80,443",2,True,True
numeroatencion-qa.redsalud.cl,redsalud.cl,"80,443",2,True,True
numeroatencion.redsalud.cl,redsalud.cl,"80,443",2,True,True
numeros.pjud.cl,pjud.cl,"80,443",2,True,True
nwer.bancoestado.cl,bancoestado.cl,"80,443",2,True,True
nwerqa.bancoestado.cl,bancoestado.cl,"80,443",2,True,True
nybranch.itau.cl,itau.cl,"80,443,8080,8443",4,True,True
obligaciones.tgr.cl,tgr.cl,"80,443",2,True,True
obligacionesfiscales.tgr.cl,tgr.cl,"80,443",2,True,True
observatorio.bcn.cl,bcn.cl,"80,443",2,True,True
observatorio.duoc.cl,duoc.cl,443,1,False,True
observatorio.ministeriodesarrollosocial.gob.cl,gob.cl,"80,443",2,True,True
observatorio2.ministeriodesarrollosocial.gob.cl,gob.cl,"80,443",2,True,True
oci-judge.inf.santiago.usm.cl,usm.cl,"80,443",2,True,True
oculab.uc.cl,uc.cl,"80,443",2,True,True
oda.archdaily.cl,archdaily.cl,"80,443",2,True,True
odeon.aws.paris.cl,paris.cl,"80,443",2,True,True
odin.mercadopublico.cl,mercadopublico.cl,443,1,False,True
odoo17.tumundo.cl,tumundo.cl,443,1,False,True
oducal.uc.cl,uc.cl,"80,443",2,True,True
ofecs.ucsc.cl,ucsc.cl,"80,443",2,True,True
oferta.ministeriodesarrollosocial.gob.cl,gob.cl,"80,443",2,True,True
oferta.tumundo.cl,tumundo.cl,"80,443",2,True,True
ofertas.mercadolibre.cl,mercadolibre.cl,"80,443",2,True,True
ofertas.movistar.cl,movistar.cl,"80,443",2,True,True
office365.dirtrab.cl,dirtrab.cl,443,1,False,True
office365.mutual.cl,mutual.cl,443,1,False,True
oficinadenuncia.sence.cl,sence.cl,"80,443",2,True,True
oficinajudicialvirtual.pjud.cl,pjud.cl,"80,443",2,True,True
oficinavirtual.cge.cl,cge.cl,"80,443",2,True,True
ofimaticav4.mercadopublico.cl,mercadopublico.cl,"80,443",2,True,True
ogs.google.cl,google.cl,"80,443",2,True,True
oirs.ministeriodesarrollosocial.gob.cl,gob.cl,"80,443",2,True,True
ojv.pjud.cl,pjud.cl,"80,443",2,True,True
ojvmov.pjud.cl,pjud.cl,80,1,True,False
old.dev.blue.cl,blue.cl,"80,443",2,True,True
old.qa.blue.cl,blue.cl,"80,443,8080,8443",4,True,True
old.t13.cl,t13.cl,"80,443",2,True,True
old.yapo.cl,yapo.cl,"80,443,8080,8443",4,True,True
olivos.hostingplus.cl,hostingplus.cl,"80,443,8443",3,True,True
omega.mercadolibre.cl,mercadolibre.cl,"80,443",2,True,True
omega.mercadopago.cl,mercadopago.cl,"80,443",2,True,True
omilpuentealto.trabajando.cl,trabajando.cl,"80,443",2,True,True
oms.gourmet.cl,gourmet.cl,"80,443,8080",3,True,True
ondemand.jumbo.cl,jumbo.cl,"80,443",2,True,True
online.bancochile.cl,bancochile.cl,"80,443,8080,8443",4,True,True
online.english.uc.cl,uc.cl,"80,443,8080,8443",4,True,True
online.uft.cl,uft.cl,"80,443",2,True,True
opcionales.ecn.cl,ecn.cl,80,1,True,False
open.cobranzas.bancochile.cl,bancochile.cl,"80,443",2,True,True
open.d.bancochile.cl,bancochile.cl,"80,443",2,True,True
open.postventa.ripley.cl,ripley.cl,"80,443",2,True,True
open.tracker.cl,tracker.cl,8443,1,False,True
openbanking.santander.cl,santander.cl,"80,443",2,True,True
openstreetmap.emol.cl,emol.cl,"80,443,8080,8443",4,True,True
operaciones.chileautos.cl,chileautos.cl,"80,443",2,True,True
opiniones.adidas.cl,adidas.cl,"80,443",2,True,True
oportunidades.emol.cl,emol.cl,"80,443",2,True,True
ops02.doctoralia.cl,doctoralia.cl,"80,443",2,True,True
opsites.kupos.cl,kupos.cl,"80,443",2,True,True
opsware.doctoralia.cl,doctoralia.cl,"80,443",2,True,True
optout.mercadolibre.cl,mercadolibre.cl,"80,443",2,True,True
or.doctoralia.cl,doctoralia.cl,"80,443",2,True,True
origin-cf.shopee.cl,shopee.cl,"80,443",2,True,True
origin.publimetro.cl,publimetro.cl,"80,443,8080,8443",4,True,True
orion.lb.tottus.cl,tottus.cl,"80,443",2,True,True
orqcertrenta.chileatiende.gob.cl,gob.cl,"80,443",2,True,True
orqconsliqpension.chileatiende.gob.cl,gob.cl,"80,443",2,True,True
ose-uat.wom.cl,wom.cl,"80,443",2,True,True
outlook.efe.cl,efe.cl,"80,443",2,True,True
owa.dirtrab.cl,dirtrab.cl,443,1,False,True
owa.inacap.cl,inacap.cl,"80,443",2,True,True
owa.mineduc.cl,mineduc.cl,"80,443",2,True,True
owa.mutual.cl,mutual.cl,80,1,True,False
p.ibus.cl,ibus.cl,"80,8080",2,True,False
pa.mercadolibre.cl,mercadolibre.cl,"80,443",2,True,True
pa3p.inf.udec.cl,udec.cl,80,1,True,False
pabtm.sence.cl,sence.cl,"80,443",2,True,True
padreberger.webescuela.cl,webescuela.cl,"80,443",2,True,True
pae.junaeb.cl,junaeb.cl,"80,443",2,True,True
pae.ubiobio.cl,ubiobio.cl,"80,443",2,True,True
paeonline-capacita.junaeb.cl,junaeb.cl,"80,443",2,True,True
pagegroup.trabajando.cl,trabajando.cl,"80,443,8080,8443",4,True,True
pages.banca.santander.cl,santander.cl,"80,443",2,True,True
pages.mail.lider.cl,lider.cl,"80,443",2,True,True
pages.mensajeria.itau.cl,itau.cl,"80,443",2,True,True
pages.promo.cinepolischile.cl,cinepolischile.cl,"80,443",2,True,True
pages.risk.santander.cl,santander.cl,"80,443",2,True,True
paginasmediosregionales.soychile.cl,soychile.cl,"80,443",2,True,True
pago-facil.tumundo.cl,tumundo.cl,"80,443",2,True,True
pago-paso-fronterizo.tgr.cl,tgr.cl,"80,443",2,True,True
pago.autofact.cl,autofact.cl,"80,443",2,True,True
pagoexpress.ucsc.cl,ucsc.cl,"80,443",2,True,True
pagohonorariosdocentes.unab.cl,unab.cl,"80,443",2,True,True
pagoitau.aguasandinas.cl,aguasandinas.cl,"80,443,8080,8443",4,True,True
pagorapido-qa.bancofalabella.cl,bancofalabella.cl,"80,443,8080,8443",4,True,True
pagorapido-test.bancofalabella.cl,bancofalabella.cl,"80,443,8080,8443",4,True,True
pagorapidocreditos-qa.bancofalabella.cl,bancofalabella.cl,"80,443,8080,8443",4,True,True
pagorapidocreditos-test.bancofalabella.cl,bancofalabella.cl,"80,443,8080,8443",4,True,True
pagorapidocreditos.bancofalabella.cl,bancofalabella.cl,"80,443,8080,8443",4,True,True
pagos.aguasandinas.cl,aguasandinas.cl,"80,443,8080,8443",4,True,True
pagos.bancochile.cl,bancochile.cl,"80,443,8080,8443",4,True,True
pagos.cajalosandes.cl,cajalosandes.cl,"80,443",2,True,True
pagos.reservo.cl,reservo.cl,443,1,False,True
pagos.ripley.cl,ripley.cl,"80,443,8080,8443",4,True,True
pagos.santander.cl,santander.cl,"80,443",2,True,True
pagos.tgr.cl,tgr.cl,"80,443",2,True,True
pagos.usach.cl,usach.cl,"80,443",2,True,True
pagos.yapo.cl,yapo.cl,"80,443",2,True,True
pagosp.aguasandinas.cl,aguasandinas.cl,"80,443,8080,8443",4,True,True
pagotest.reservo.cl,reservo.cl,443,1,False,True
pagounired.aguasandinas.cl,aguasandinas.cl,"80,443,8080,8443",4,True,True
pagoweb.ufro.cl,ufro.cl,"80,443",2,True,True
pagowp.aguasandinas.cl,aguasandinas.cl,"80,443,8080,8443",4,True,True
pam.usm.cl,usm.cl,"80,443",2,True,True
pamdigital-backend.redsalud.cl,redsalud.cl,"80,443",2,True,True
pamdigital-qa.redsalud.cl,redsalud.cl,"80,443",2,True,True
panel.hosting.cl,hosting.cl,"80,443",2,True,True
panel.ihost.cl,ihost.cl,"80,443",2,True,True
panel.mutual.cl,mutual.cl,"80,443,8080,8443",4,True,True
panel.planetahosting.cl,planetahosting.cl,"80,443",2,True,True
papafrancisco.cooperativa.cl,cooperativa.cl,"80,443",2,True,True
papafranciscoenchile.cooperativa.cl,cooperativa.cl,"80,443",2,True,True
papeldigital.eldinamo.cl,eldinamo.cl,"80,443,8080,8443",4,True,True
paramaribo.chileautos.cl,chileautos.cl,80,1,True,False
pares.usach.cl,usach.cl,"80,443",2,True,True
paritarios.mutual.cl,mutual.cl,"80,443,8080,8443",4,True,True
parlamentario.bcn.cl,bcn.cl,"80,443",2,True,True
parquedelrecuerdo.trabajando.cl,trabajando.cl,"80,443",2,True,True
parrot.hostingplus.cl,hostingplus.cl,"80,443,8443",3,True,True
participa.lahora.cl,lahora.cl,"80,443,8080,8443",4,True,True
participacionciudadana.ministeriodesarrollosocial.gob.cl,gob.cl,"80,443,8080,8443",4,True,True
partner.kupos.cl,kupos.cl,"80,443",2,True,True
partners.mercadolibre.cl,mercadolibre.cl,"80,443",2,True,True
partners.mercadopago.cl,mercadopago.cl,"80,443",2,True,True
pasajesdebus.recorrido.cl,recorrido.cl,"80,443",2,True,True
pasarela.correos.cl,correos.cl,443,1,False,True
pasej.sence.cl,sence.cl,"80,443",2,True,True
pastoral.uc.cl,uc.cl,"80,443",2,True,True
patagon-vaper.hnc.cl,hnc.cl,"80,443",2,True,True
patientportal-dev-mig-redsalud.redsalud.cl,redsalud.cl,"80,443",2,True,True
payment.polla.cl,polla.cl,"80,443,8080,8443",4,True,True
pbx.doctoralia.cl,doctoralia.cl,"80,443",2,True,True
pc19.milicenciamedica.cl,milicenciamedica.cl,"80,443",2,True,True
pc24.doctoralia.cl,doctoralia.cl,"80,443",2,True,True
pc26.doctoralia.cl,doctoralia.cl,"80,443",2,True,True
pc29.milicenciamedica.cl,milicenciamedica.cl,"80,443",2,True,True
pc32.doctoralia.cl,doctoralia.cl,"80,443",2,True,True
pc35.milicenciamedica.cl,milicenciamedica.cl,"80,443",2,True,True
pc51.milicenciamedica.cl,milicenciamedica.cl,"80,443",2,True,True
pc52.milicenciamedica.cl,milicenciamedica.cl,"80,443",2,True,True
pc57.milicenciamedica.cl,milicenciamedica.cl,"80,443",2,True,True
pcautivo.telmexchile.cl,telmexchile.cl,80,1,True,False
pcautivo2.telmexchile.cl,telmexchile.cl,80,1,True,False
pda.flashscore.cl,flashscore.cl,"80,443",2,True,True
pdf.autofact.cl,autofact.cl,"80,443,8080",3,True,True
pediatriaoriente.med.uchile.cl,uchile.cl,"80,443",2,True,True
pei2030.usach.cl,usach.cl,"80,443",2,True,True
penalolen.trabajando.cl,trabajando.cl,"80,443",2,True,True
pensamientoeducativo.uc.cl,uc.cl,"80,443",2,True,True
pensionados.cajalosandes.cl,cajalosandes.cl,"80,443,8080,8443",4,True,True
perceptual.trabajando.cl,trabajando.cl,"80,443,8080,8443",4,True,True
perfil-test.mercadolibre.cl,mercadolibre.cl,"80,443",2,True,True
perfiles-qa.efe.cl,efe.cl,"80,443",2,True,True
perfiles.efe.cl,efe.cl,"80,443",2,True,True
peritos.pjud.cl,pjud.cl,443,1,False,True
personal.uc.cl,uc.cl,"80,443",2,True,True
personal.ufro.cl,ufro.cl,"80,443",2,True,True
personas-franja-horaria.ips.chileatiende.gob.cl,gob.cl,"80,443",2,True,True
personas.banco.itau.cl,itau.cl,"80,443,8080,8443",4,True,True
personas.entel.cl,entel.cl,"80,443",2,True,True
personas.santander.cl,santander.cl,"80,443",2,True,True
peru-kupos-bus.kupos.cl,kupos.cl,"80,443",2,True,True
peru-kupos-gds.kupos.cl,kupos.cl,"80,443",2,True,True
petrobras.trabajando.cl,trabajando.cl,"80,443",2,True,True
pewmayen.ufro.cl,ufro.cl,"80,443",2,True,True
pf.trabajando.cl,trabajando.cl,"80,443",2,True,True
pgie.aguasandinas.cl,aguasandinas.cl,"80,443,8080,8443",4,True,True
ph.milicenciamedica.cl,milicenciamedica.cl,"80,443",2,True,True
phone.doctoralia.cl,doctoralia.cl,"80,443",2,True,True
physiologoi.uc.cl,uc.cl,"80,443",2,True,True
pia.conicyt.cl,conicyt.cl,"80,443",2,True,True
pickup.lider.cl,lider.cl,"80,443,8080,8443",4,True,True
pictures.doctoralia.cl,doctoralia.cl,"80,443",2,True,True
pictures.milicenciamedica.cl,milicenciamedica.cl,"80,443",2,True,True
pinacoteca360.udec.cl,udec.cl,"80,443",2,True,True
placements.mercadolibre.cl,mercadolibre.cl,"80,443",2,True,True
places.mercadolibre.cl,mercadolibre.cl,"80,443",2,True,True
plan.hostingplus.cl,hostingplus.cl,"80,443",2,True,True
planeta.planetahosting.cl,planetahosting.cl,"80,443",2,True,True
planificacion.ufro.cl,ufro.cl,"80,443",2,True,True
planificacion.usm.cl,usm.cl,"80,443",2,True,True
plataforma2-qa.bancofalabella.cl,bancofalabella.cl,"80,443,8080,8443",4,True,True
plataforma2.bancofalabella.cl,bancofalabella.cl,"80,443,8080,8443",4,True,True
plataformagdypmgd.cge.cl,cge.cl,443,1,False,True
plataformaunificada.correos.cl,correos.cl,443,1,False,True
play-qa.mercadolibre.cl,mercadolibre.cl,"80,443",2,True,True
play.idgame.uat.shopee.cl,shopee.cl,"80,443",2,True,True
play.mercadolibre.cl,mercadolibre.cl,"80,443",2,True,True
player.soychile.cl,soychile.cl,"80,443",2,True,True
player.tvn.cl,tvn.cl,"80,443",2,True,True
pluginonbdev.bancoripley.cl,bancoripley.cl,"80,443,8080,8443",4,True,True
pma.autofact.cl,autofact.cl,443,1,False,True
pma2.autofact.cl,autofact.cl,"80,443",2,True,True
pmlvt.api.blue.cl,blue.cl,"80,443,8080,8443",4,True,True
pmsapp.mercadolibre.cl,mercadolibre.cl,"80,443",2,True,True
pn1adxion.ecn.cl,ecn.cl,"80,443,8080",3,True,True
po.redsalud.cl,redsalud.cl,"80,443",2,True,True
podcast.usm.cl,usm.cl,"80,443",2,True,True
podcasts.24horas.cl,24horas.cl,"80,443",2,True,True
pool.kupos.cl,kupos.cl,"80,443",2,True,True
pop.farmaciasahumada.cl,farmaciasahumada.cl,"80,443,8080,8443",4,True,True
pop.ihost.cl,ihost.cl,"80,443",2,True,True
pop.netline.cl,netline.cl,"80,443",2,True,True
pop.uchile.cl,uchile.cl,"80,443",2,True,True
pop.virtualhosting.cl,virtualhosting.cl,"80,443",2,True,True
pop3.netline.cl,netline.cl,"80,443",2,True,True
portabilidad-financiera-qa.cajalosandes.cl,cajalosandes.cl,"80,443",2,True,True
portabilidad-qa.bancofalabella.cl,bancofalabella.cl,"80,443,8080,8443",4,True,True
portabilidad-qa.cajalosandes.cl,cajalosandes.cl,"80,443",2,True,True
portabilidad.bancoripley.cl,bancoripley.cl,"80,443,8080,8443",4,True,True
portabilidad.cajalosandes.cl,cajalosandes.cl,"80,443",2,True,True
portabilidad.itau.cl,itau.cl,"80,443,8080,8443",4,True,True
portafolio.uft.cl,uft.cl,443,1,False,True
portal-municipal.tgr.cl,tgr.cl,"80,443",2,True,True
portal-reclamos.tumundo.cl,tumundo.cl,"80,443",2,True,True
portal.bancochile.cl,bancochile.cl,"80,443,8080,8443",4,True,True
portal.chiletrabajos.cl,chiletrabajos.cl,"80,443",2,True,True
portal.claveunica.gob.cl,gob.cl,"80,443",2,True,True
portal.hostgator.cl,hostgator.cl,"80,443,8080,8443",4,True,True
portal.kameone.cl,kameone.cl,"80,443,8080,8443",4,True,True
portal.nuevosidiv.registrocivil.cl,registrocivil.cl,"80,443,8080,8443",4,True,True
portal.powerhost.cl,powerhost.cl,"80,443",2,True,True
portal.sidiv.registrocivil.cl,registrocivil.cl,"80,443,8080,8443",4,True,True
portal.uc.cl,uc.cl,"80,443",2,True,True
portal.ucaas.entel.cl,entel.cl,443,1,False,True
portal6.uc.cl,uc.cl,"80,443",2,True,True
portalacademico.duoc.cl,duoc.cl,80,1,True,False
portaladministracion.tgr.cl,tgr.cl,"80,443",2,True,True
portalarcgis.bcn.cl,bcn.cl,"80,443",2,True,True
portalauditoria.tgr.cl,tgr.cl,"80,443",2,True,True
portalauth.bcentral.cl,bcentral.cl,443,1,False,True
portalbeneficios.efe.cl,efe.cl,"80,443",2,True,True
portalbiblioteca.bcentral.cl,bcentral.cl,"80,443",2,True,True
portalbiblioteca.gslb.bcentral.cl,bcentral.cl,"80,443",2,True,True
portalclientes.autofact.cl,autofact.cl,"80,443",2,True,True
portalcobranza.tgr.cl,tgr.cl,"80,443",2,True,True
portalcontingenciadr.bcentral.cl,bcentral.cl,443,1,False,True
portalconvenios.integramedica.cl,integramedica.cl,"80,443",2,True,True
portaldci.tgr.cl,tgr.cl,"80,443",2,True,True
portaldeconexiones.cge.cl,cge.cl,"80,443",2,True,True
portaldeproveedores.cge.cl,cge.cl,443,1,False,True
portaldeproveedores.gslb.cge.cl,cge.cl,443,1,False,True
portaldge.tgr.cl,tgr.cl,"80,443",2,True,True
portaldoac.tgr.cl,tgr.cl,"80,443",2,True,True
portaldti.tgr.cl,tgr.cl,"80,443",2,True,True
portalempresa.correos.cl,correos.cl,443,1,False,True
portalempresas.bancochile.cl,bancochile.cl,"80,443,8080,8443",4,True,True
portales.bancochile.cl,bancochile.cl,"80,443,8080,8443",4,True,True
portales.iacc.cl,iacc.cl,"80,443",2,True,True
portalfacturas.aguasandinas.cl,aguasandinas.cl,"80,443,8080,8443",4,True,True
portalffpp.tgr.cl,tgr.cl,"80,443",2,True,True
portalfinanciero.ripley.cl,ripley.cl,80,1,True,False
portalgabinete.tgr.cl,tgr.cl,"80,443",2,True,True
portalgestionydesarrollopersonas.tgr.cl,tgr.cl,"80,443",2,True,True
portalgis.aguasandinas.cl,aguasandinas.cl,"80,443,8080,8443",4,True,True
portalinternacional.correos.cl,correos.cl,443,1,False,True
portaljuridica.tgr.cl,tgr.cl,"80,443",2,True,True
portalmodernizacion.tgr.cl,tgr.cl,"80,443",2,True,True
portalpago.uft.cl,uft.cl,"80,443",2,True,True
portalpagoproveedores.aguasandinas.cl,aguasandinas.cl,"80,443,8080,8443",4,True,True
portalpersonas.bancochile.cl,bancochile.cl,"80,443,8080,8443",4,True,True
portalpersonas.qa.bancochile.cl,bancochile.cl,"80,443,8080,8443",4,True,True
portalproveedores.aguasandinas.cl,aguasandinas.cl,"80,443,8080,8443",4,True,True
portalrrhh.clubhipico.cl,clubhipico.cl,"80,443",2,True,True
portaltesregantofagasta.tgr.cl,tgr.cl,"80,443",2,True,True
portaltesregarica.tgr.cl,tgr.cl,"80,443",2,True,True
portaltesregatacama.tgr.cl,tgr.cl,"80,443",2,True,True
portaltesregaysen.tgr.cl,tgr.cl,"80,443",2,True,True
portaltesregcoquimbo.tgr.cl,tgr.cl,"80,443",2,True,True
portaltesreglibertadorgeneralbernardoohiggins.tgr.cl,tgr.cl,"80,443",2,True,True
portaltesreglosrios.tgr.cl,tgr.cl,"80,443",2,True,True
portaltesregmagallanes.tgr.cl,tgr.cl,"80,443",2,True,True
portaltesregmaule.tgr.cl,tgr.cl,"80,443",2,True,True
portaltesregmetropolitana.tgr.cl,tgr.cl,"80,443",2,True,True
portaltesregponiente.tgr.cl,tgr.cl,"80,443",2,True,True
portaltesregsur.tgr.cl,tgr.cl,"80,443",2,True,True
portaltesregtarapaca.tgr.cl,tgr.cl,"80,443",2,True,True
portalucr.tgr.cl,tgr.cl,"80,443",2,True,True
portalugi.tgr.cl,tgr.cl,"80,443",2,True,True
portuario-mlc.api.dirtrab.cl,dirtrab.cl,"80,443",2,True,True
pos.ticketmaster.cl,ticketmaster.cl,"80,443",2,True,True
post-office-ticker.doctoralia.cl,doctoralia.cl,"80,443",2,True,True
post.conicyt.cl,conicyt.cl,"80,443",2,True,True
post.milicenciamedica.cl,milicenciamedica.cl,"80,443",2,True,True
postal.correos.cl,correos.cl,"80,443",2,True,True
postalesdechile.ucv.cl,ucv.cl,80,1,True,False
postgrado.mat.uc.cl,uc.cl,"80,443",2,True,True
postgrado.udec.cl,udec.cl,"80,443",2,True,True
postgrado.ufro.cl,ufro.cl,"80,443",2,True,True
postgrados.ucv.cl,ucv.cl,"80,443",2,True,True
postgrados.uft.cl,uft.cl,"80,443",2,True,True
postgradosartesvisuales.uft.cl,uft.cl,443,1,False,True
postulacion.ufro.cl,ufro.cl,"80,443",2,True,True
postulaciones.pjud.cl,pjud.cl,"80,443",2,True,True
postulaciones.ucsc.cl,ucsc.cl,"80,443",2,True,True
postulaciontdlc.bcentral.cl,bcentral.cl,"80,443",2,True,True
power50.powerhost.cl,powerhost.cl,"80,443",2,True,True
power51.powerhost.cl,powerhost.cl,"80,443",2,True,True
power52.powerhost.cl,powerhost.cl,"80,443",2,True,True
power53.powerhost.cl,powerhost.cl,"80,443",2,True,True
power70.powerhost.cl,powerhost.cl,"80,443",2,True,True
power71.powerhost.cl,powerhost.cl,"80,443",2,True,True
power72.powerhost.cl,powerhost.cl,"80,443",2,True,True
power73.powerhost.cl,powerhost.cl,"80,443",2,True,True
power76.powerhost.cl,powerhost.cl,"80,443",2,True,True
pp-backoffice-4p1.redsalud.cl,redsalud.cl,"80,443",2,True,True
pp-backoffice-qa.redsalud.cl,redsalud.cl,"80,443",2,True,True
pp-backoffice.redsalud.cl,redsalud.cl,"80,443",2,True,True
ppp15.doctoralia.cl,doctoralia.cl,"80,443",2,True,True
practicasemtp.inacap.cl,inacap.cl,"80,443",2,True,True
prd.admin.mutual.cl,mutual.cl,"80,443,8080,8443",4,True,True
prd.api.mutual.cl,mutual.cl,"80,443",2,True,True
pre-prod-master.redsalud.cl,redsalud.cl,"80,443",2,True,True
pre-prod.redsalud.cl,redsalud.cl,"80,443",2,True,True
pre.envivo.adnradio.cl,adnradio.cl,"80,443",2,True,True
pre.mercadopublico.cl,mercadopublico.cl,"80,443",2,True,True
precision.trabajando.cl,trabajando.cl,"80,443",2,True,True
pregrado.usm.cl,usm.cl,"80,443",2,True,True
preguntas.cinemark.cl,cinemark.cl,"80,443,8080,8443",4,True,True
preinscripciontitulo.inf.ucv.cl,ucv.cl,"80,443",2,True,True
premiosalumni.unab.cl,unab.cl,"80,443,8080,8443",4,True,True
premiosnacionales.mineduc.cl,mineduc.cl,"80,443",2,True,True
prensa.bcn.cl,bcn.cl,80,1,True,False
preprod-bemweb.kupos.cl,kupos.cl,"80,443",2,True,True
preprod-ibmcloud.ripley.cl,ripley.cl,"80,443,8080,8443",4,True,True
preprod-pullmanbus.kupos.cl,kupos.cl,"80,443",2,True,True
preprod.lockerroom.adidas.cl,adidas.cl,"80,443",2,True,True
preprod.ripley.cl,ripley.cl,"80,443,8080,8443",4,True,True
pressreader.df.cl,df.cl,"80,443",2,True,True
prestashop.blue.cl,blue.cl,"80,443,8080,8443",4,True,True
preubb.ubiobio.cl,ubiobio.cl,"80,443",2,True,True
preva.scotiabank.cl,scotiabank.cl,"80,443",2,True,True
preview.adidas.cl,adidas.cl,"80,443",2,True,True
preview.espn.cl,espn.cl,"80,443",2,True,True
pricing-staging.dbs.cl,dbs.cl,"80,443",2,True,True
pricing.dbs.cl,dbs.cl,"80,443",2,True,True
prismology.mcstaging.dbs.cl,dbs.cl,"80,443",2,True,True
priv.doctoralia.cl,doctoralia.cl,"80,443",2,True,True
privacy.beta.ticketmaster.cl,ticketmaster.cl,"80,443",2,True,True
privacy.google.cl,google.cl,"80,443",2,True,True
privacy.ticketmaster.cl,ticketmaster.cl,"80,443",2,True,True
private.doctoralia.cl,doctoralia.cl,"80,443",2,True,True
privatebanking.santander.cl,santander.cl,"80,443",2,True,True
pro.autofact.cl,autofact.cl,"80,8080",2,True,False
pro.doctoralia.cl,doctoralia.cl,"80,443,8080,8443",4,True,True
proceso-devolucion-masiva.mutual.cl,mutual.cl,443,1,False,True
prod-cxwidget.mercadolibre.cl,mercadolibre.cl,"80,443",2,True,True
prod-cxwidget.mercadopago.cl,mercadopago.cl,"80,443",2,True,True
prod-tne.kupos.cl,kupos.cl,"80,443",2,True,True
prod-turbusdweb.kupos.cl,kupos.cl,"80,443",2,True,True
prod.siscom.chilevision.cl,chilevision.cl,"443,8080",2,True,True
production.skechers.cl,skechers.cl,"80,443,8080,8443",4,True,True
productos.mercadolibre.cl,mercadolibre.cl,"80,443",2,True,True
productosempresas.bancochile.cl,bancochile.cl,"80,443,8080,8443",4,True,True
profesional.mercadolibre.cl,mercadolibre.cl,"80,443",2,True,True
profesionales.redsalud.cl,redsalud.cl,"80,443",2,True,True
profesor.duoc.cl,duoc.cl,"80,443",2,True,True
progoa.usach.cl,usach.cl,"80,443",2,True,True
programacionacademica.unab.cl,unab.cl,"80,443,8080,8443",4,True,True
programascorporativos.educacionprofesional.ing.uc.cl,uc.cl,"80,443,8080,8443",4,True,True
programassociales.ministeriodesarrollosocial.gob.cl,gob.cl,"80,443",2,True,True
promet.trabajando.cl,trabajando.cl,"80,443",2,True,True
prometheus-auth.tools.walmartdigital.cl,walmartdigital.cl,"80,443",2,True,True
prometheus.tools-hrvlsx.walmartdigital.cl,walmartdigital.cl,"80,443,8080,8443",4,True,True
prometheus.tools.walmartdigital.cl,walmartdigital.cl,"80,443",2,True,True
promo.farmaciasahumada.cl,farmaciasahumada.cl,80,1,True,False
promo.trabajando.cl,trabajando.cl,"80,443",2,True,True
promociones.bancochile.cl,bancochile.cl,"80,443,8080,8443",4,True,True
promociones.cinemark.cl,cinemark.cl,"80,443,8080,8443",4,True,True
promoclub.cinemark.cl,cinemark.cl,"80,443,8080,8443",4,True,True
prontus.comercial.chilevision.cl,chilevision.cl,"80,443",2,True,True
prontus.df.cl,df.cl,"80,443",2,True,True
prontus.integramedica.cl,integramedica.cl,443,1,False,True
prontus2.cooperativa.cl,cooperativa.cl,80,1,True,False
propiedades.emol.cl,emol.cl,80,1,True,False
propiedades.yapo.cl,yapo.cl,"80,443,8080,8443",4,True,True
propiedadesmercurio.emol.cl,emol.cl,"80,443",2,True,True
propuesta-tramo.cajalosandes.cl,cajalosandes.cl,"80,443",2,True,True
prosud.trabajando.cl,trabajando.cl,"80,443",2,True,True
proveedor-dev.mercadopublico.cl,mercadopublico.cl,443,1,False,True
proveedor-pre.mercadopublico.cl,mercadopublico.cl,443,1,False,True
proveedores.bancochile.cl,bancochile.cl,"80,443,8080,8443",4,True,True
proveedores.mercadolibre.cl,mercadolibre.cl,"80,443",2,True,True
proveedores.preunic.cl,preunic.cl,"80,443",2,True,True
proxy-app-dev.redsalud.cl,redsalud.cl,"80,443",2,True,True
proxy-dev-mig-redsalud.redsalud.cl,redsalud.cl,"80,443",2,True,True
proxy-sso-portalinstitucional.api.dirtrab.cl,dirtrab.cl,"80,443",2,True,True
proxy.mat.uc.cl,uc.cl,80,1,True,False
proxy.miportalbeta.bancoripley.cl,bancoripley.cl,"80,443,8080,8443",4,True,True
proxy.udec.cl,udec.cl,80,1,True,False
proxyha.junaeb.cl,junaeb.cl,"80,443",2,True,True
proxyimg.ecn.cl,ecn.cl,"80,443,8080,8443",4,True,True
proyecto.webescuela.cl,webescuela.cl,"80,443",2,True,True
proyecto1.webescuela.cl,webescuela.cl,"80,443",2,True,True
proyecto2.webescuela.cl,webescuela.cl,"80,443",2,True,True
proyectos.tvn.cl,tvn.cl,"80,443",2,True,True
prueba.hosting.cl,hosting.cl,"80,443",2,True,True
prueba.iacc.cl,iacc.cl,"80,443",2,True,True
pruebaconocimientos.pjud.cl,pjud.cl,"80,443",2,True,True
pruebas.cajalosandes.cl,cajalosandes.cl,443,1,False,True
psi20191028.tgr.cl,tgr.cl,"80,443",2,True,True
psicologia.uc.cl,uc.cl,"80,443",2,True,True
pss.milicenciamedica.cl,milicenciamedica.cl,"80,443",2,True,True
public-api.yapo.cl,yapo.cl,"80,443,8080,8443",4,True,True
public.api.blue.cl,blue.cl,"80,443,8080,8443",4,True,True
public.dev.yapo.cl,yapo.cl,"80,443,8080,8443",4,True,True
publicaciones.iacc.cl,iacc.cl,"80,443",2,True,True
publicidad.chiletrabajos.cl,chiletrabajos.cl,"80,443",2,True,True
publicidad.mercadolibre.cl,mercadolibre.cl,"80,443",2,True,True
publicotransbank.trabajando.cl,trabajando.cl,"80,443",2,True,True
pubservice.easy.cl,easy.cl,"80,443",2,True,True
pucbath2019.mat.uc.cl,uc.cl,"80,443",2,True,True
pucobre.trabajando.cl,trabajando.cl,"80,443",2,True,True
pudom.api.blue.cl,blue.cl,"80,443,8080,8443",4,True,True
puertasabiertas.udec.cl,udec.cl,"80,443",2,True,True
pullman-bus.recorrido.cl,recorrido.cl,"80,443",2,True,True
pullman-tur.recorrido.cl,recorrido.cl,"80,443",2,True,True
puntodecompra.www-staging.lider.cl,lider.cl,"80,443",2,True,True
push.biobiochile.cl,biobiochile.cl,"80,443",2,True,True
push.elmostrador.cl,elmostrador.cl,"80,443",2,True,True
pvequip.trabajando.cl,trabajando.cl,"80,443",2,True,True
pw.milicenciamedica.cl,milicenciamedica.cl,"80,443",2,True,True
px2c1e.adc.dci.uc.cl,uc.cl,"80,443",2,True,True
pyl.soychile.cl,soychile.cl,"80,443",2,True,True
pymelab.ecn.cl,ecn.cl,"80,443",2,True,True
qa-api.bancoestado.cl,bancoestado.cl,"80,443",2,True,True
qa-apisbech.bancoestado.cl,bancoestado.cl,"80,443",2,True,True
qa-backoffice-4p1.redsalud.cl,redsalud.cl,"80,443",2,True,True
qa-outp-plataformadigital.bancoestado.cl,bancoestado.cl,"80,443",2,True,True
qa.appoderado.cl,appoderado.cl,"80,443",2,True,True
qa.blue.cl,blue.cl,443,1,False,True
qa.doctoralia.cl,doctoralia.cl,"80,443",2,True,True
qa.espn.cl,espn.cl,"80,443",2,True,True
qa.lockerroom.adidas.cl,adidas.cl,"80,443",2,True,True
qa.mygirls.adidas.cl,adidas.cl,"80,443",2,True,True
qa.new-agenda.redsalud.cl,redsalud.cl,"80,443",2,True,True
qa.new-backoffice.redsalud.cl,redsalud.cl,"80,443",2,True,True
qa.publimetro.cl,publimetro.cl,"80,443,8080,8443",4,True,True
qa.reservo.cl,reservo.cl,"80,443",2,True,True
qa.siscom.chilevision.cl,chilevision.cl,443,1,False,True
qa.web.appoderado.cl,appoderado.cl,"80,443",2,True,True
qa2.turbus.cl,turbus.cl,80,1,True,False
qaadp.redsalud.cl,redsalud.cl,443,1,False,True
qawp.cajalosandes.cl,cajalosandes.cl,"80,443",2,True,True
qf.salcobrand.cl,salcobrand.cl,"80,443",2,True,True
qks2s-mtls.infra-iam.aws-prod4-apsoutheast2.aws.sfdc.cl,sfdc.cl,443,1,False,True
qks2s.foundation.aws-dev4-uswest2.aws.sfdc.cl,sfdc.cl,443,1,False,True
qks2s.foundation.aws-prod14-apnortheast2.aws.sfdc.cl,sfdc.cl,443,1,False,True
qks2s.security.aws-dev5-apsouth1.aws.sfdc.cl,sfdc.cl,443,1,False,True
qks2s.security.fdev1-uswest2.aws.sfdc.cl,sfdc.cl,443,1,False,True
qks2s.security.perf2-uswest2.aws.sfdc.cl,sfdc.cl,443,1,False,True
qotd.doctoralia.cl,doctoralia.cl,"80,443",2,True,True
qpos.redelcom.cl,redelcom.cl,"80,443",2,True,True
qr.publimetro.cl,publimetro.cl,"80,443,8080,8443",4,True,True
qr.ripley.cl,ripley.cl,"80,443,8080,8443",4,True,True
qr.tumundo.cl,tumundo.cl,"80,443,8080,8443",4,True,True
quebec.doctoralia.cl,doctoralia.cl,"80,443",2,True,True
queueit.cinemark.cl,cinemark.cl,"80,443",2,True,True
quimicaybiologia.usach.cl,usach.cl,"80,443",2,True,True
quimicaymedioambiente.usm.cl,usm.cl,"80,443",2,True,True
quiz.terra.cl,terra.cl,"80,443,8080,8443",4,True,True
quokka.24horas.cl,24horas.cl,"80,443",2,True,True
r.contacto.integramedica.cl,integramedica.cl,"80,443",2,True,True
r.contacto1.integramedica.cl,integramedica.cl,"80,443",2,True,True
r.contacto2.integramedica.cl,integramedica.cl,"80,443",2,True,True
r.entel.cl,entel.cl,"80,443",2,True,True
r.r.usach.cl,usach.cl,"80,443",2,True,True
ra.uc.cl,uc.cl,443,1,False,True
ra3.uc.cl,uc.cl,443,1,False,True
radio.pjud.cl,pjud.cl,"80,443",2,True,True
radiojgm.uchile.cl,uchile.cl,"80,443",2,True,True
radiologos.integramedica.cl,integramedica.cl,"80,443",2,True,True
raf.chileatiende.gob.cl,gob.cl,"80,443",2,True,True
ramtun.ufro.cl,ufro.cl,"80,443",2,True,True
ramtun2a.ufro.cl,ufro.cl,"80,443",2,True,True
ramtun2cluster.ufro.cl,ufro.cl,"80,443",2,True,True
ramtun2n.ufro.cl,ufro.cl,"80,443",2,True,True
rasmovil.polla.cl,polla.cl,"80,443,8080,8443",4,True,True
raspes.polla.cl,polla.cl,"80,443,8080,8443",4,True,True
rcic.ufro.cl,ufro.cl,"80,443",2,True,True
rdex-homepage-qa.ripley.cl,ripley.cl,"80,443,8080,8443",4,True,True
rdp.gestordocumental.uc.cl,uc.cl,443,1,False,True
reale.trabajando.cl,trabajando.cl,"80,443",2,True,True
rec.conicyt.cl,conicyt.cl,"80,443,8080,8443",4,True,True
reca.pjud.cl,pjud.cl,"80,443",2,True,True
recaudacion.bancoestado.cl,bancoestado.cl,"80,443",2,True,True
receptores-test.pjud.cl,pjud.cl,"80,443",2,True,True
receptores.sence.cl,sence.cl,"80,443",2,True,True
reclamos.cmfchile.cl,cmfchile.cl,"80,443",2,True,True
reclamosweb.dbs.cl,dbs.cl,"80,443",2,True,True
reco.conicyt.cl,conicyt.cl,"80,443,8080,8443",4,True,True
recursosdescargables.trabajando.cl,trabajando.cl,"80,443,8080,8443",4,True,True
recursostic.ucv.cl,ucv.cl,"80,443",2,True,True
red.doctoralia.cl,doctoralia.cl,"80,443",2,True,True
redimin.conicyt.cl,conicyt.cl,"80,443",2,True,True
redlocal.ministeriodesarrollosocial.gob.cl,gob.cl,"80,443",2,True,True
redlocalcapacitacion.ministeriodesarrollosocial.gob.cl,gob.cl,"80,443",2,True,True
redmujerescyt.usach.cl,usach.cl,"80,443",2,True,True
redoncosalud.redsalud.cl,redsalud.cl,"80,443",2,True,True
redsalud.trabajando.cl,trabajando.cl,"80,443",2,True,True
redsearch.conicyt.cl,conicyt.cl,"80,443,8080,8443",4,True,True
reescrituradelaaraucana.uchile.cl,uchile.cl,"80,443",2,True,True
refip-mat2011.cmm.uchile.cl,uchile.cl,"80,443",2,True,True
reformasalajusticia.uc.cl,uc.cl,"80,443",2,True,True
reg.des.adnradio.cl,adnradio.cl,443,1,False,True
regalos.mercadolibre.cl,mercadolibre.cl,"80,443",2,True,True
regalos.ripley.cl,ripley.cl,80,1,True,False
registration.mercadolibre.cl,mercadolibre.cl,"80,443",2,True,True
registration.mercadopago.cl,mercadopago.cl,"80,443",2,True,True
registro.df.cl,df.cl,80,1,True,False
registrodigital.turbus.cl,turbus.cl,"80,443",2,True,True
registrosolicitudes.mercadopublico.cl,mercadopublico.cl,"80,443",2,True,True
regularizacionoperacionesdecambios.bcentral.cl,bcentral.cl,"80,443",2,True,True
reintegro.tgr.cl,tgr.cl,"80,443",2,True,True
relaytrk.wom.cl,wom.cl,"80,443",2,True,True
relayweb.salcobrand.cl,salcobrand.cl,"80,443",2,True,True
remates.tgr.cl,tgr.cl,"80,443",2,True,True
rematesiquique.hnc.cl,hnc.cl,"80,443",2,True,True
remedy.red.movistar.cl,movistar.cl,"80,443",2,True,True
rems.ufro.cl,ufro.cl,"80,443",2,True,True
renaico.stats.appoderado.cl,appoderado.cl,"80,443",2,True,True
renta-cerc.c.sii.cl,sii.cl,443,1,False,True
renta-devc.c.sii.cl,sii.cl,443,1,False,True
repechaje.jumbo.cl,jumbo.cl,"80,443",2,True,True
reporteebs.ministeriodesarrollosocial.gob.cl,gob.cl,443,1,False,True
reportes.encuestadocente.uc.cl,uc.cl,"80,443",2,True,True
reportes.junaeb.cl,junaeb.cl,"80,443",2,True,True
reportescomunales.bcn.cl,bcn.cl,"80,443",2,True,True
reports.bsale.cl,bsale.cl,"80,443",2,True,True
reports.match.autofact.cl,autofact.cl,"80,443",2,True,True
repositorio.soychile.cl,soychile.cl,"80,443",2,True,True
repositorio.uc.cl,uc.cl,"80,443",2,True,True
repositoriodedatos.unab.cl,unab.cl,"80,443,8080,8443",4,True,True
repositoriodigital.bcentral.cl,bcentral.cl,"80,443",2,True,True
reprogramacion.uft.cl,uft.cl,"80,443",2,True,True
republicadeitalia.webescuela.cl,webescuela.cl,"80,443",2,True,True
reputacion.mercadolibre.cl,mercadolibre.cl,"80,443",2,True,True
requerimientos.tgr.cl,tgr.cl,"80,443,8080,8443",4,True,True
resell.mercadolibre.cl,mercadolibre.cl,"80,443",2,True,True
reservahora-chileenexterior.extranjeria.gob.cl,gob.cl,"80,443,8080,8443",4,True,True
reservasonline.pjud.cl,pjud.cl,"80,443",2,True,True
resources.appoderado.cl,appoderado.cl,"80,443",2,True,True
resources.mega.cl,mega.cl,"80,443,8080,8443",4,True,True
restservices.correos.cl,correos.cl,"80,443",2,True,True
resultados.dalealbo.cl,dalealbo.cl,"80,443,8080,8443",4,True,True
resultados.mutual.cl,mutual.cl,"80,443",2,True,True
resultados.redgol.cl,redgol.cl,"80,443,8080,8443",4,True,True
resultadosle.usm.cl,usm.cl,"80,443,8080,8443",4,True,True
retail.dbs.cl,dbs.cl,"80,443",2,True,True
returns.nike.cl,nike.cl,"80,443,8080,8443",4,True,True
reuniones.emol.cl,emol.cl,"80,443",2,True,True
reva.ucsc.cl,ucsc.cl,"80,443",2,True,True
reviews.adidas.cl,adidas.cl,"80,443",2,True,True
reviews.mercadolibre.cl,mercadolibre.cl,"80,443",2,True,True
revistaapuntes.uc.cl,uc.cl,"80,443",2,True,True
revistaestudiostributarios.uchile.cl,uchile.cl,"80,443",2,True,True
revistapuntogenero.uchile.cl,uchile.cl,"80,443",2,True,True
revistas.ubiobio.cl,ubiobio.cl,"80,443",2,True,True
revistas.uchile.cl,uchile.cl,"80,443",2,True,True
revistas.unab.cl,unab.cl,"80,443,8080,8443",4,True,True
revistastratus.meteochile.gob.cl,gob.cl,"80,443",2,True,True
reyesdelfestival.lahora.cl,lahora.cl,"80,443,8080,8443",4,True,True
rgs.polla.cl,polla.cl,"80,443,8080,8443",4,True,True
rhona.trabajando.cl,trabajando.cl,"80,443",2,True,True
rhsso-ocp.api.dirtrab.cl,dirtrab.cl,"80,443",2,True,True
rifasolidaria.creattiva.cl,creattiva.cl,"80,443",2,True,True
rigel.dgeo.udec.cl,udec.cl,"80,443",2,True,True
rinie2018.ucsc.cl,ucsc.cl,"80,443",2,True,True
ripley.chiletrabajos.cl,chiletrabajos.cl,"80,443",2,True,True
ris.ministeriodesarrollosocial.gob.cl,gob.cl,"80,443",2,True,True
ro.doctoralia.cl,doctoralia.cl,"80,443",2,True,True
ro.mineduc.cl,mineduc.cl,"80,443",2,True,True
robertkennedy.webescuela.cl,webescuela.cl,"80,443",2,True,True
robotvtex.cencosud.cl,cencosud.cl,"80,443",2,True,True
rockodromo.cooperativa.cl,cooperativa.cl,"80,443",2,True,True
rodelillo14.bcn.cl,bcn.cl,"80,443",2,True,True
rol-financiero.appoderado.cl,appoderado.cl,"80,443",2,True,True
rose.doctoralia.cl,doctoralia.cl,"80,443",2,True,True
rosen.trabajando.cl,trabajando.cl,"80,443",2,True,True
router-test.ucv.cl,ucv.cl,"80,443",2,True,True
rpc.sii.cl,sii.cl,443,1,False,True
rrchile.trabajando.cl,trabajando.cl,"80,443",2,True,True
rrhh.usm.cl,usm.cl,"80,443",2,True,True
rs.aguasandinas.cl,aguasandinas.cl,"80,443,8080,8443",4,True,True
rs1.clubhipico.cl,clubhipico.cl,"80,443",2,True,True
rshrpscce.ministeriodesarrollosocial.gob.cl,gob.cl,"80,443,8080,8443",4,True,True
rtserver.ecn.cl,ecn.cl,"80,443",2,True,True
rural.mineduc.cl,mineduc.cl,"80,443",2,True,True
rvc.trabajando.cl,trabajando.cl,"80,443",2,True,True
ryk.trabajando.cl,trabajando.cl,"80,443",2,True,True
ryq.trabajando.cl,trabajando.cl,"80,443,8080,8443",4,True,True
s.bcn.cl,bcn.cl,"80,443",2,True,True
s.cbdata.chatbot.shopee.cl,shopee.cl,"80,443",2,True,True
s.entel.cl,entel.cl,"80,443",2,True,True
s.t13.cl,t13.cl,"80,443",2,True,True
s3.autofact.cl,autofact.cl,"80,443",2,True,True
sa.adidas.cl,adidas.cl,"80,443",2,True,True
sabanasanta.uft.cl,uft.cl,"80,443,8080,8443",4,True,True
sac.itau.cl,itau.cl,"80,443,8080,8443",4,True,True
sacreportes.entel.cl,entel.cl,"80,443",2,True,True
sae.tumundo.cl,tumundo.cl,"80,443",2,True,True
sagradoscorazones.webescuela.cl,webescuela.cl,"80,443",2,True,True
saladecomunicacion.santander.cl,santander.cl,"80,443",2,True,True
salaespera.sii.cl,sii.cl,"80,443",2,True,True
salas.pjud.cl,pjud.cl,"80,443",2,True,True
saldos-insolutos.chileatiende.gob.cl,gob.cl,"80,443",2,True,True
salfa.trabajando.cl,trabajando.cl,"80,443",2,True,True
salud.integramedica.cl,integramedica.cl,"80,443",2,True,True
salud360.farmaciasahumada.cl,farmaciasahumada.cl,"80,443",2,True,True
san.ubiobio.cl,ubiobio.cl,"80,443",2,True,True
sanalytics.chilevision.cl,chilevision.cl,"80,443",2,True,True
sandbox.mkt-admin.uat.shopee.cl,shopee.cl,"80,443",2,True,True
sandboxtkc.redsalud.cl,redsalud.cl,"80,443",2,True,True
sanfranciscodeasischolchol.webescuela.cl,webescuela.cl,"80,443",2,True,True
sanjoseschool.webescuela.cl,webescuela.cl,"80,443",2,True,True
sanmartingraneros.webescuela.cl,webescuela.cl,"80,443",2,True,True
sanpedroapostol.webescuela.cl,webescuela.cl,"80,443",2,True,True
sansebastian.webescuela.cl,webescuela.cl,"80,443",2,True,True
sansebastianschool.webescuela.cl,webescuela.cl,"80,443",2,True,True
santiago.trabajando.cl,trabajando.cl,"80,443",2,True,True
santotomas.trabajando.cl,trabajando.cl,"80,443",2,True,True
sat.med.uchile.cl,uchile.cl,"80,443",2,True,True
sauce.mutual.cl,mutual.cl,443,1,False,True
saval.trabajando.cl,trabajando.cl,"80,443",2,True,True
sb.espn.cl,espn.cl,"80,443",2,True,True
sbch.conicyt.cl,conicyt.cl,"80,443",2,True,True
sbepcs3d.entel.cl,entel.cl,443,1,False,True
sbmovil.polla.cl,polla.cl,"80,443,8080,8443",4,True,True
sccnlp-piloto.dirtrab.cl,dirtrab.cl,"80,443",2,True,True
sccnlp.dirtrab.cl,dirtrab.cl,"80,443",2,True,True
sccnlpservices-piloto.dirtrab.cl,dirtrab.cl,"80,443",2,True,True
sceapi.sence.gob.cl,gob.cl,"80,443",2,True,True
schamanaws.entel.cl,entel.cl,443,1,False,True
schedules.milicenciamedica.cl,milicenciamedica.cl,"80,443",2,True,True
scholar.google.cl,google.cl,"80,443",2,True,True
scielo.conicyt.cl,conicyt.cl,"80,443,8080,8443",4,True,True
scm.hosting.cl,hosting.cl,"80,443",2,True,True
scotiabank.despegar.cl,despegar.cl,"80,443",2,True,True
sdmedia.adnradio.cl,adnradio.cl,"80,443",2,True,True
search.24horas.cl,24horas.cl,"80,443,8080,8443",4,True,True
search.elmostrador.cl,elmostrador.cl,"80,443",2,True,True
search.sii.cl,sii.cl,443,1,False,True
search.tvn.cl,tvn.cl,"80,443",2,True,True
searchr.sii.cl,sii.cl,443,1,False,True
sebastianscollege.webescuela.cl,webescuela.cl,"80,443",2,True,True
secretariadegenero.pjud.cl,pjud.cl,"80,443",2,True,True
secure.recorrido.cl,recorrido.cl,"80,443",2,True,True
secure.tottus.cl,tottus.cl,"80,443",2,True,True
securecloud.entel.cl,entel.cl,"80,443",2,True,True
secureinsight.aguasandinas.cl,aguasandinas.cl,"80,443,8080,8443",4,True,True
segreader.emol.cl,emol.cl,"80,443,8080,8443",4,True,True
seguimiento.dirtrab.cl,dirtrab.cl,"80,443",2,True,True
seguimientoenvio.correos.cl,correos.cl,443,1,False,True
seguimientohpv.junaeb.cl,junaeb.cl,"80,443",2,True,True
segundavuelta2013.cooperativa.cl,cooperativa.cl,"80,443",2,True,True
seguro.adnradio.cl,adnradio.cl,"80,443",2,True,True
segurorci.bancoestado.cl,bancoestado.cl,"80,443",2,True,True
seguros.entel.cl,entel.cl,"80,443",2,True,True
segurosalud.uc.cl,uc.cl,"80,443",2,True,True
segurosbechqa.bancoestado.cl,bancoestado.cl,"80,443",2,True,True
sele.sence.gob.cl,gob.cl,"80,443",2,True,True
selectorcert.entel.cl,entel.cl,"80,443",2,True,True
self.emol.cl,emol.cl,"80,443",2,True,True
sell-syi-clstest.mercadolibre.cl,mercadolibre.cl,"80,443",2,True,True
sell-syi-test.mercadolibre.cl,mercadolibre.cl,"80,443",2,True,True
selloeditorial.udec.cl,udec.cl,"80,443",2,True,True
selp.sence.gob.cl,gob.cl,"80,443",2,True,True
sem.ministeriodesarrollosocial.gob.cl,gob.cl,"80,443",2,True,True
semanapenaflorina.cooperativa.cl,cooperativa.cl,"80,443",2,True,True
senal2.cooperativa.cl,cooperativa.cl,"80,443",2,True,True
sence.gob.cl,gob.cl,"80,443",2,True,True
sendmail.milicenciamedica.cl,milicenciamedica.cl,"80,443",2,True,True
seo.hostgator.cl,hostgator.cl,"80,443",2,True,True
seo.hosting.cl,hosting.cl,"80,443",2,True,True
seoem.api.blue.cl,blue.cl,"80,443,8080,8443",4,True,True
sermovil.loteria.cl,loteria.cl,"80,443",2,True,True
serv2.doctoralia.cl,doctoralia.cl,"80,443",2,True,True
server-dns1.benzahosting.cl,benzahosting.cl,"80,443",2,True,True
server-dns2.benzahosting.cl,benzahosting.cl,"80,443",2,True,True
serverbbcl.biobiochile.cl,biobiochile.cl,"80,443",2,True,True
services.cajalosandes.cl,cajalosandes.cl,"80,443",2,True,True
services.meteored.cl,meteored.cl,"80,443,8080,8443",4,True,True
services.wom.cl,wom.cl,"80,443",2,True,True
servicio-tecnico.mercadolibre.cl,mercadolibre.cl,"80,443",2,True,True
servicio.mercadolibre.cl,mercadolibre.cl,"80,443",2,True,True
servicios-leychile.bcn.cl,bcn.cl,"80,443",2,True,True
servicios-ti.uft.cl,uft.cl,"80,443,8080,8443",4,True,True
servicios.bcn.cl,bcn.cl,"80,443",2,True,True
servicios.bibliotecas.uc.cl,uc.cl,"80,443",2,True,True
servicios.cmfchile.cl,cmfchile.cl,"80,443",2,True,True
servicios.conicyt.cl,conicyt.cl,"80,443,8080,8443",4,True,True
servicios.mega.cl,mega.cl,"80,443,8080,8443",4,True,True
servicios.mercadolibre.cl,mercadolibre.cl,"80,443",2,True,True
servicios.mutual.cl,mutual.cl,"80,443",2,True,True
servicios.pjud.cl,pjud.cl,"80,443",2,True,True
servicios.salcobrand.cl,salcobrand.cl,"80,443",2,True,True
servicios.tgr.cl,tgr.cl,"80,443",2,True,True
servicios.ucsc.cl,ucsc.cl,"80,443",2,True,True
servicios1.mutual.cl,mutual.cl,"80,443",2,True,True
servicios2.mutual.cl,mutual.cl,"80,443",2,True,True
servidor.powerhost.cl,powerhost.cl,"80,443",2,True,True
servipag-qa.bancofalabella.cl,bancofalabella.cl,"80,443,8080,8443",4,True,True
serviutilitarioweb.mutual.cl,mutual.cl,"80,443",2,True,True
seus.aguasandinas.cl,aguasandinas.cl,"80,443,8080,8443",4,True,True
sf-api-nwm.bancoestado.cl,bancoestado.cl,"80,443",2,True,True
sfp.usach.cl,usach.cl,"80,443",2,True,True
sfsf.aguasandinas.cl,aguasandinas.cl,"80,443,8080,8443",4,True,True
sfsf.desa.aguasandinas.cl,aguasandinas.cl,"80,443,8080,8443",4,True,True
sg.ubiobio.cl,ubiobio.cl,"80,443",2,True,True
sgebs.ministeriodesarrollosocial.gob.cl,gob.cl,443,1,False,True
sgh.unab.cl,unab.cl,"80,443,8080,8443",4,True,True
sgoa.efe.cl,efe.cl,"80,443",2,True,True
sgs.conicyt.cl,conicyt.cl,"80,443",2,True,True
sgscm.laborum.cl,laborum.cl,"80,443,8080,8443",4,True,True
sh-pro10.hostgator.cl,hostgator.cl,"80,443",2,True,True
sh-pro12.hostgator.cl,hostgator.cl,"80,443",2,True,True
sh-pro14.hostgator.cl,hostgator.cl,"80,443",2,True,True
shared10.hostgator.cl,hostgator.cl,"80,443",2,True,True
shared12.hostgator.cl,hostgator.cl,"80,443",2,True,True
shared14.hostgator.cl,hostgator.cl,"80,443",2,True,True
shared16.hostgator.cl,hostgator.cl,"80,443",2,True,True
shared18.hostgator.cl,hostgator.cl,"80,443",2,True,True
shared20.hostgator.cl,hostgator.cl,"80,443",2,True,True
shared22.hostgator.cl,hostgator.cl,"80,443",2,True,True
shared24.hostgator.cl,hostgator.cl,"80,443",2,True,True
shared26.hostgator.cl,hostgator.cl,"80,443",2,True,True
shared28.hostgator.cl,hostgator.cl,"80,443",2,True,True
sharepoint.duoc.cl,duoc.cl,"80,443",2,True,True
shark.hostingplus.cl,hostingplus.cl,"80,443",2,True,True
sheep.hostingplus.cl,hostingplus.cl,"80,443,8443",3,True,True
shipping-frontend.mercadolibre.cl,mercadolibre.cl,"80,443",2,True,True
shipping.bsale.cl,bsale.cl,"80,443",2,True,True
shopify.tceruti.dev.hosting.cl,hosting.cl,"80,443",2,True,True
shopping.google.cl,google.cl,"80,443",2,True,True
showbiz.publimetro.cl,publimetro.cl,"80,443,8080,8443",4,True,True
si.doctoralia.cl,doctoralia.cl,"80,443",2,True,True
si2.bcentral.cl,bcentral.cl,"80,443",2,True,True
si3.bcentral.cl,bcentral.cl,"80,443",2,True,True
si3.gslb.bcentral.cl,bcentral.cl,"80,443",2,True,True
siacoirs.sence.cl,sence.cl,"80,443",2,True,True
sib.junaeb.cl,junaeb.cl,"80,443",2,True,True
sicadministrativo.sence.cl,sence.cl,"80,443",2,True,True
sicam-apifront.bcentral.cl,bcentral.cl,443,1,False,True
sicam-apifront.gslb.bcentral.cl,bcentral.cl,443,1,False,True
sicam.bcentral.cl,bcentral.cl,443,1,False,True
sicam.gslb.bcentral.cl,bcentral.cl,443,1,False,True
sicol.duoc.cl,duoc.cl,"80,443",2,True,True
siete.chileatiende.gob.cl,gob.cl,"80,443",2,True,True
sige.mineduc.cl,mineduc.cl,"80,443",2,True,True
sigma.efe.cl,efe.cl,"80,443",2,True,True
sigma.ripley.cl,ripley.cl,"80,443,8080,8443",4,True,True
signup.bsale.cl,bsale.cl,"80,443",2,True,True
sigpae.junaeb.cl,junaeb.cl,"80,443",2,True,True
sihda2021.derecho.uc.cl,uc.cl,"80,443",2,True,True
siiac.junaeb.cl,junaeb.cl,"80,443",2,True,True
siid.bcentral.cl,bcentral.cl,443,1,False,True
siid.gslb.bcentral.cl,bcentral.cl,443,1,False,True
siit.bcn.cl,bcn.cl,"80,443",2,True,True
sima.efe.cl,efe.cl,"80,443",2,True,True
simple-root.ripley.cl,ripley.cl,"80,443",2,True,True
simple-totems.chileatiende.gob.cl,gob.cl,"80,443",2,True,True
simple.ripley.cl,ripley.cl,"80,443,8080,8443",4,True,True
simpletramites.ministeriodesarrollosocial.gob.cl,gob.cl,"80,443,8080,8443",4,True,True
simuds67-prd.mutual.cl,mutual.cl,"80,443",2,True,True
simulador-transferencia.autofact.cl,autofact.cl,"80,443",2,True,True
simuladorbecas.unab.cl,unab.cl,"80,443,8080,8443",4,True,True
sinab.junaeb.cl,junaeb.cl,"80,443",2,True,True
sinab3.junaeb.cl,junaeb.cl,"80,443",2,True,True
sinabweb.junaeb.cl,junaeb.cl,"80,443",2,True,True
sindicato1.udec.cl,udec.cl,"80,443",2,True,True
sinlimites.centrodeinnovacion.uc.cl,uc.cl,"80,443",2,True,True
sip.uft.cl,uft.cl,443,1,False,True
sis-financiero.iacc.cl,iacc.cl,"80,443",2,True,True
sisfondef.conicyt.cl,conicyt.cl,"80,443",2,True,True
sistema-ventas.dbs.cl,dbs.cl,"80,443",2,True,True
sistema.oirs.usach.cl,usach.cl,"80,443",2,True,True
sistemacontactocentral.bcentral.cl,bcentral.cl,"80,443",2,True,True
sistemadepostulacion.bcentral.cl,bcentral.cl,"80,443",2,True,True
sistemart.bcentral.cl,bcentral.cl,"80,443",2,True,True
sistemas.hosting.cl,hosting.cl,"80,443",2,True,True
sistemas.sence.cl,sence.cl,"80,443",2,True,True
sisti.ubiobio.cl,ubiobio.cl,"80,443",2,True,True
site.qa.easy.cl,easy.cl,"80,443",2,True,True
sitemap.soychile.cl,soychile.cl,"80,443",2,True,True
sitios.chiletrabajos.cl,chiletrabajos.cl,"80,443",2,True,True
sitios.entel.cl,entel.cl,"80,443,8080,8443",4,True,True
sitios.unab.cl,unab.cl,"80,443,8080,8443",4,True,True
sitios3.usm.cl,usm.cl,"80,443",2,True,True
sitiospublicos.bancochile.cl,bancochile.cl,"80,443,8080,8443",4,True,True
sitioweb.tumundo.cl,tumundo.cl,"80,443,8080,8443",4,True,True
sitraf.sii.cl,sii.cl,"80,443,8443",3,True,True
sitraf2.sii.cl,sii.cl,"80,443,8443",3,True,True
siweb.bcentral.cl,bcentral.cl,"80,443",2,True,True
sky.despegar.cl,despegar.cl,"80,443",2,True,True
skyairline.trabajando.cl,trabajando.cl,"80,443",2,True,True
skype-av.uft.cl,uft.cl,"80,443",2,True,True
skype2019-se.uft.cl,uft.cl,"80,443",2,True,True
smetrics.adnradio.cl,adnradio.cl,"80,443",2,True,True
sms.google.cl,google.cl,"80,443",2,True,True
smtp.farmaciasahumada.cl,farmaciasahumada.cl,"80,443,8080,8443",4,True,True
smtp.ihost.cl,ihost.cl,"80,443",2,True,True
smtp.netline.cl,netline.cl,"80,443",2,True,True
smtp.ubiobio.cl,ubiobio.cl,80,1,True,False
smtp.virtualhosting.cl,virtualhosting.cl,"80,443",2,True,True
smtp1.bcn.cl,bcn.cl,443,1,False,True
smtphost.doctoralia.cl,doctoralia.cl,"80,443",2,True,True
smu.trabajando.cl,trabajando.cl,"80,443,8080,8443",4,True,True
snacapp.ministeriodesarrollosocial.gob.cl,gob.cl,"80,443",2,True,True
snd.ministeriodesarrollosocial.gob.cl,gob.cl,"80,443",2,True,True
snec.mineduc.cl,mineduc.cl,"80,443",2,True,True
sned.mineduc.cl,mineduc.cl,"80,443",2,True,True
sni.ministeriodesarrollosocial.gob.cl,gob.cl,"80,443",2,True,True
soap.bancoestado.cl,bancoestado.cl,"80,443",2,True,True
soapconsorcio.entel.cl,entel.cl,"80,443",2,True,True
sobrecupos-qa.redsalud.cl,redsalud.cl,"80,443",2,True,True
sobrecupos.redsalud.cl,redsalud.cl,"80,443",2,True,True
sobrenosotros.wom.cl,wom.cl,"80,443",2,True,True
sochedi2025.ubiobio.cl,ubiobio.cl,"80,443",2,True,True
socialcomlab.uc.cl,uc.cl,"80,443",2,True,True
sodimac.trabajando.cl,trabajando.cl,"80,443",2,True,True
sol.despegar.cl,despegar.cl,"80,443",2,True,True
sol.inf.udec.cl,udec.cl,80,1,True,False
solicitud.cacurqa.registrocivil.cl,registrocivil.cl,"80,443",2,True,True
solicitudatencion.mineduc.cl,mineduc.cl,"80,443",2,True,True
solicitudes-stag.bancofalabella.cl,bancofalabella.cl,"80,443,8080,8443",4,True,True
solicitudes-test.bancofalabella.cl,bancofalabella.cl,"80,443,8080,8443",4,True,True
solicitudes.bancoestado.cl,bancoestado.cl,"80,443",2,True,True
solicitudes.bancofalabella.cl,bancofalabella.cl,"80,443,8080,8443",4,True,True
solicitudes.duoc.cl,duoc.cl,"80,443",2,True,True
solicitudesacademicas.uft.cl,uft.cl,"80,443",2,True,True
solicitudtarjeta.santander.cl,santander.cl,"80,443",2,True,True
somacorchile.trabajando.cl,trabajando.cl,"80,443",2,True,True
somos-api-cms.ips.chileatiende.gob.cl,gob.cl,"80,443",2,True,True
somos-backend-cms.ips.chileatiende.gob.cl,gob.cl,"80,443",2,True,True
somos-media.ips.chileatiende.gob.cl,gob.cl,"80,443",2,True,True
somos.chileautos.cl,chileautos.cl,"80,443",2,True,True
somos.ips.chileatiende.gob.cl,gob.cl,"80,443",2,True,True
somosandes.cajalosandes.cl,cajalosandes.cl,"80,443,8080,8443",4,True,True
somosservicio.turbus.cl,turbus.cl,"80,443",2,True,True
soporte.bne.cl,bne.cl,"443,8443",2,False,True
soporte.claveunica.gob.cl,gob.cl,"80,443",2,True,True
soporte.delta.uc.cl,uc.cl,"80,443",2,True,True
soporte.efe.cl,efe.cl,"80,443",2,True,True
soporte.hostgator.cl,hostgator.cl,"80,443,8080,8443",4,True,True
soporte.hosting.cl,hosting.cl,"80,443",2,True,True
soporte.powerhost.cl,powerhost.cl,"80,443",2,True,True
soporte.redelcom.cl,redelcom.cl,"80,443,8080,8443",4,True,True
soportedi.uc.cl,uc.cl,"80,443",2,True,True
soprole.trabajando.cl,trabajando.cl,"80,443",2,True,True
sorteosenvivo.loteria.cl,loteria.cl,"80,443",2,True,True
sos11.cpanelhost.cl,cpanelhost.cl,"80,443",2,True,True
sos6.cpanelhost.cl,cpanelhost.cl,"80,443",2,True,True
sos7.cpanelhost.cl,cpanelhost.cl,"80,443",2,True,True
sostenibilidad.aguasandinas.cl,aguasandinas.cl,"80,443,8080,8443",4,True,True
sostenibilidad.soychile.cl,soychile.cl,"80,443",2,True,True
sottest.eli.usm.cl,usm.cl,"80,443",2,True,True
southwest.despegar.cl,despegar.cl,"80,443",2,True,True
soyentel.entel.cl,entel.cl,"80,443",2,True,True
sparta.trabajando.cl,trabajando.cl,"80,443",2,True,True
spc-lb.bancoestado.cl,bancoestado.cl,"80,443",2,True,True
speedtest.telmexchile.cl,telmexchile.cl,"80,443,8080",3,True,True
spicarab.monitoring.entel.cl,entel.cl,443,1,False,True
spl.conicyt.cl,conicyt.cl,"80,443,8080,8443",4,True,True
spm.i.shopee.cl,shopee.cl,"80,443",2,True,True
spm.i.staging.shopee.cl,shopee.cl,"80,443",2,True,True
spm.i.uat.shopee.cl,shopee.cl,"80,443",2,True,True
spokane.milicenciamedica.cl,milicenciamedica.cl,"80,443",2,True,True
srv-aws229.creattiva.cl,creattiva.cl,"80,443",2,True,True
srv-journals.ufro.cl,ufro.cl,"80,443",2,True,True
srv-vinculacion.ufro.cl,ufro.cl,"80,443",2,True,True
srv1.cpanelhost.cl,cpanelhost.cl,"80,443",2,True,True
srv14-50.benzahosting.cl,benzahosting.cl,"80,443",2,True,True
srv14-51.benzahosting.cl,benzahosting.cl,"80,443",2,True,True
srv15.benzahosting.cl,benzahosting.cl,"80,443",2,True,True
srv160.creattiva.cl,creattiva.cl,"80,443",2,True,True
srv17.benzahosting.cl,benzahosting.cl,"80,443",2,True,True
srv19-76.benzahosting.cl,benzahosting.cl,"80,443",2,True,True
srv27-116.benzahosting.cl,benzahosting.cl,"80,443",2,True,True
srv30.creattiva.cl,creattiva.cl,"80,443",2,True,True
srv34.creattiva.cl,creattiva.cl,"80,443",2,True,True
srv35.creattiva.cl,creattiva.cl,"80,443",2,True,True
srv36-172.benzahosting.cl,benzahosting.cl,"80,443",2,True,True
srv36.creattiva.cl,creattiva.cl,"80,443",2,True,True
srv42-197.benzahosting.cl,benzahosting.cl,"80,443",2,True,True
srv44-206.benzahosting.cl,benzahosting.cl,"80,443",2,True,True
srv44.benzahosting.cl,benzahosting.cl,"80,443",2,True,True
srv45.benzahosting.cl,benzahosting.cl,"80,443",2,True,True
srv53-19.benzahosting.cl,benzahosting.cl,"80,443",2,True,True
srv53.creattiva.cl,creattiva.cl,"80,443",2,True,True
srv54-aws.creattiva.cl,creattiva.cl,"80,443",2,True,True
srv56-214.benzahosting.cl,benzahosting.cl,"80,443",2,True,True
srv60.creattiva.cl,creattiva.cl,"80,443",2,True,True
srv61.creattiva.cl,creattiva.cl,"80,443",2,True,True
srv9.cpanelhost.cl,cpanelhost.cl,"80,443",2,True,True
srv94.creattiva.cl,creattiva.cl,"80,443",2,True,True
srvcuexe01.uc.bcentral.cl,bcentral.cl,8443,1,False,True
srvessalwebmedp.aguasandinas.cl,aguasandinas.cl,"80,443,8080,8443",4,True,True
srvinterop.sence.cl,sence.cl,"80,443",2,True,True
srvmedicina.ufro.cl,ufro.cl,"80,443",2,True,True
srvwebmed.aguasandinas.cl,aguasandinas.cl,"80,443,8080,8443",4,True,True
ss.milicenciamedica.cl,milicenciamedica.cl,"80,443",2,True,True
ssd11.hnc.cl,hnc.cl,"80,443",2,True,True
ssd12.hnc.cl,hnc.cl,"80,443",2,True,True
ssd4.hnc.cl,hnc.cl,"80,443",2,True,True
ssd5.hnc.cl,hnc.cl,"80,443",2,True,True
ssd6.hnc.cl,hnc.cl,"80,443",2,True,True
ssd7.hnc.cl,hnc.cl,"80,443",2,True,True
ssd9.hnc.cl,hnc.cl,"80,443",2,True,True
ssl.paris.cl,paris.cl,"80,443",2,True,True
ssl.qa.paris.cl,paris.cl,"80,443",2,True,True
sso.cajalosandes.cl,cajalosandes.cl,443,1,False,True
sso.entornosvirtuales.inacap.cl,inacap.cl,443,1,False,True
sso.loteria.cl,loteria.cl,"80,443",2,True,True
sso.mega.cl,mega.cl,"80,443,8080,8443",4,True,True
sso2.usm.cl,usm.cl,"80,443,8080,8443",4,True,True
ssofirma.aguasandinas.cl,aguasandinas.cl,"80,443,8080,8443",4,True,True
ssp.emol.cl,emol.cl,"80,443,8080",3,True,True
sst.santander.cl,santander.cl,"80,443",2,True,True
sst2.santander.cl,santander.cl,"80,443",2,True,True
st.doctoralia.cl,doctoralia.cl,"80,443",2,True,True
st.paris.cl,paris.cl,"80,443",2,True,True
sta.cge.cl,cge.cl,"80,443",2,True,True
stage.adminmedia.easy.cl,easy.cl,"80,443",2,True,True
stage.beyondreporting.enel.cl,enel.cl,"80,443",2,True,True
stage.buscalibre.cl,buscalibre.cl,"80,443",2,True,True
stage.jugabet.cl,jugabet.cl,"80,443,8080,8443",4,True,True
stage.mercadopago.cl,mercadopago.cl,"80,443",2,True,True
staging.abc.cl,abc.cl,"80,443,8080,8443",4,True,True
staging.apuestas.encancha.cl,encancha.cl,"80,443",2,True,True
staging.autofact.cl,autofact.cl,"80,443",2,True,True
staging.compra.autofact.cl,autofact.cl,"80,443",2,True,True
staging.devoluciones.autofact.cl,autofact.cl,"80,443",2,True,True
staging.docs.transferencias.autofact.cl,autofact.cl,"80,443",2,True,True
staging.match.autofact.cl,autofact.cl,"80,443",2,True,True
staging.mercadopago.cl,mercadopago.cl,"80,443",2,True,True
staging.mobile.adidas.cl,adidas.cl,"80,443",2,True,True
staging.skechers.cl,skechers.cl,"80,443,8080,8443",4,True,True
staging.t13.cl,t13.cl,"80,443",2,True,True
staging.tottus.cl,tottus.cl,"80,443,8080,8443",4,True,True
starco.trabajando.cl,trabajando.cl,"80,443",2,True,True
start.cajalosandes.cl,cajalosandes.cl,"80,443",2,True,True
start.doctoralia.cl,doctoralia.cl,"80,443",2,True,True
stat.bcentral.cl,bcentral.cl,443,1,False,True
static-concursos.mega.cl,mega.cl,"80,443,8080,8443",4,True,True
static-content.api.dirtrab.cl,dirtrab.cl,"80,443",2,True,True
static-dev.yapo.cl,yapo.cl,"80,443",2,True,True
static-qa.bancofalabella.cl,bancofalabella.cl,"80,443,8080,8443",4,True,True
static-test.bancofalabella.cl,bancofalabella.cl,"80,443,8080,8443",4,True,True
static.24horas.cl,24horas.cl,"80,443",2,True,True
static.archdaily.cl,archdaily.cl,"80,443",2,True,True
static.autofact.cl,autofact.cl,"80,443",2,True,True
static.bancofalabella.cl,bancofalabella.cl,"80,443,8080,8443",4,True,True
static.blue.cl,blue.cl,"80,443,8080,8443",4,True,True
static.bsale.cl,bsale.cl,"80,443",2,True,True
static.clubhipico.cl,clubhipico.cl,"80,443",2,True,True
static.concursos.mega.cl,mega.cl,"80,443,8080,8443",4,True,True
static.cruzverde.cl,cruzverde.cl,"80,443,8080,8443",4,True,True
static.despegar.cl,despegar.cl,"80,443",2,True,True
static.dev.blue.cl,blue.cl,"80,443,8080,8443",4,True,True
static.eldinamo.cl,eldinamo.cl,"80,443",2,True,True
static.isa.milicenciamedica.cl,milicenciamedica.cl,"80,443",2,True,True
static.jumbo.cl,jumbo.cl,"80,443",2,True,True
static.lahora.cl,lahora.cl,"80,443,8080,8443",4,True,True
static.lider.cl,lider.cl,"80,443,8080,8443",4,True,True
static.mega.cl,mega.cl,"80,443,8080,8443",4,True,True
static.meganoticias.cl,meganoticias.cl,"80,443,8080,8443",4,True,True
static.megatiempo.cl,megatiempo.cl,"80,443,8080,8443",4,True,True
static.paris.cl,paris.cl,"80,443",2,True,True
static.qa.blue.cl,blue.cl,"80,443,8080,8443",4,True,True
static.qa.paris.cl,paris.cl,"80,443",2,True,True
static.salcobrand.cl,salcobrand.cl,"80,443",2,True,True
static.tv.ecn.cl,ecn.cl,"80,443,8080,8443",4,True,True
static.tvn.cl,tvn.cl,"80,443",2,True,True
static.viajesfalabella.cl,viajesfalabella.cl,"80,443",2,True,True
staticcdn.trabajando.cl,trabajando.cl,"80,443",2,True,True
staticcloud.emol.cl,emol.cl,"80,443,8080,8443",4,True,True
staticmer.emol.cl,emol.cl,"80,443,8080,8443",4,True,True
staticmer2.emol.cl,emol.cl,"80,443,8080,8443",4,True,True
statics.dalealbo.cl,dalealbo.cl,"80,443,8080,8443",4,True,True
statics.redgol.cl,redgol.cl,"80,443,8080,8443",4,True,True
stats.emol.cl,emol.cl,"80,443",2,True,True
statsmp.emol.cl,emol.cl,"80,443,8080",3,True,True
status-daca.iacc.cl,iacc.cl,"80,443",2,True,True
status-gdoc.iacc.cl,iacc.cl,"80,443",2,True,True
status-marketing.iacc.cl,iacc.cl,"80,443",2,True,True
status-rtp-administracion.iacc.cl,iacc.cl,"80,443",2,True,True
status-terra.recorrido.cl,recorrido.cl,"80,443",2,True,True
status-whitelabels.recorrido.cl,recorrido.cl,"80,443",2,True,True
status.dbs.cl,dbs.cl,"80,443",2,True,True
status.hostgator.cl,hostgator.cl,"80,443,8080,8443",4,True,True
status.nic.cl,nic.cl,"80,443",2,True,True
status.reservo.cl,reservo.cl,"80,443",2,True,True
stg.cp.adidas.cl,adidas.cl,"80,443",2,True,True
stg2.at.kupos.cl,kupos.cl,80,1,True,False
stj-orqcartola.chileatiende.gob.cl,gob.cl,"80,443",2,True,True
stj-orqdatosempleador.chileatiende.gob.cl,gob.cl,"80,443",2,True,True
stlouis.doctoralia.cl,doctoralia.cl,"80,443",2,True,True
stock.ripley.cl,ripley.cl,"80,443,8080,8443",4,True,True
store.jumbo.cl,jumbo.cl,"80,443",2,True,True
storefront.easy.cl,easy.cl,"80,443",2,True,True
streaming.ecn.cl,ecn.cl,"80,443",2,True,True
strm.24horas.cl,24horas.cl,"80,443,8080,8443",4,True,True
strm.tvn.cl,tvn.cl,"80,443,8080,8443",4,True,True
suac.dt.gob.cl,gob.cl,"80,443",2,True,True
subetudocumento.unab.cl,unab.cl,"80,443,8080,8443",4,True,True
sucursales-aws-qa.bancoestado.cl,bancoestado.cl,"80,443",2,True,True
sucursales-aws-qa2.bancoestado.cl,bancoestado.cl,"80,443",2,True,True
sucursalvirtual.cajalosandes.cl,cajalosandes.cl,443,1,False,True
sucursalvirtual.cge.cl,cge.cl,"80,443",2,True,True
sucursalvirtual.chileatiende.gob.cl,gob.cl,"80,443",2,True,True
sucursalvirtual.tumundo.cl,tumundo.cl,"80,443",2,True,True
sucursalvirtual2.cajalosandes.cl,cajalosandes.cl,"80,443",2,True,True
suitecrm.emol.cl,emol.cl,"80,443",2,True,True
sup.bcn.cl,bcn.cl,"80,443",2,True,True
super.lider.cl,lider.cl,"80,443",2,True,True
superday.jumbo.cl,jumbo.cl,"80,443",2,True,True
supergw-cirrus.bancoestado.cl,bancoestado.cl,"80,443",2,True,True
supergw-preprod-cirrus.bancoestado.cl,bancoestado.cl,"80,443",2,True,True
supersign.dbs.cl,dbs.cl,"80,443",2,True,True
supervisacert.cmfchile.cl,cmfchile.cl,"80,443",2,True,True
support.preunic.cl,preunic.cl,"80,443",2,True,True
support.salcobrand.cl,salcobrand.cl,"80,443",2,True,True
suscripcion.salcobrand.cl,salcobrand.cl,"80,443",2,True,True
sutux.aguasandinas.cl,aguasandinas.cl,"80,443,8080,8443",4,True,True
sw-dmz3.usm.cl,usm.cl,"80,443,8080,8443",4,True,True
sw88.espn.cl,espn.cl,"80,443",2,True,True
syc.conicyt.cl,conicyt.cl,"80,443",2,True,True
sycbecas.conicyt.cl,conicyt.cl,"80,443",2,True,True
syi.mercadolibre.cl,mercadolibre.cl,"80,443",2,True,True
t-player.adnradio.cl,adnradio.cl,"80,443",2,True,True
t.emol.cl,emol.cl,"80,443",2,True,True
t.flashscore.cl,flashscore.cl,"80,443",2,True,True
t.ibus.cl,ibus.cl,"80,8080",2,True,False
t13.dalealbo.cl,dalealbo.cl,"80,443",2,True,True
t13.redgol.cl,redgol.cl,"80,443",2,True,True
tableau1.bancoripley.cl,bancoripley.cl,443,1,False,True
tableton.biobiochile.cl,biobiochile.cl,"80,443",2,True,True
tag.autofact.cl,autofact.cl,"80,443",2,True,True
talca-paris-londres.recorrido.cl,recorrido.cl,"80,443",2,True,True
talcaiv1.creattiva.cl,creattiva.cl,"80,443",2,True,True
tarjeta.teletrak.cl,teletrak.cl,"80,443",2,True,True
tasaciones.bancochile.cl,bancochile.cl,"80,443,8080,8443",4,True,True
tasaciones.bancoestado.cl,bancoestado.cl,"80,443",2,True,True
tasacionesbch.bancochile.cl,bancochile.cl,"80,443,8080,8443",4,True,True
tasacionesqa.bancoestado.cl,bancoestado.cl,"80,443",2,True,True
tasas.cmfchile.cl,cmfchile.cl,"80,443",2,True,True
tbjdnsnpc.trabajando.cl,trabajando.cl,"80,443",2,True,True
tbjdnsnpp.trabajando.cl,trabajando.cl,"80,443",2,True,True
tde.entel.cl,entel.cl,443,1,False,True
tecnored.trabajando.cl,trabajando.cl,"80,443",2,True,True
ted.aguasandinas.cl,aguasandinas.cl,443,1,False,True
telemed.ubiobio.cl,ubiobio.cl,"80,443",2,True,True
telemedicina.mutual.cl,mutual.cl,"80,443",2,True,True
teletrabajo.efe.cl,efe.cl,"80,443",2,True,True
temp.doctoralia.cl,doctoralia.cl,"80,443",2,True,True
temporal.milicenciamedica.cl,milicenciamedica.cl,"80,443",2,True,True
temporal.paris.cl,paris.cl,"80,443",2,True,True
tendencias.mercadolibre.cl,mercadolibre.cl,"80,443",2,True,True
terreno.aguasandinas.cl,aguasandinas.cl,"80,443,8080,8443",4,True,True
terreno.loteria.cl,loteria.cl,"80,443",2,True,True
tesis.uft.cl,uft.cl,"80,443",2,True,True
test-andimar.kupos.cl,kupos.cl,"80,443",2,True,True
test-cerc.c.sii.cl,sii.cl,443,1,False,True
test-integration-center.mercadopago.cl,mercadopago.cl,"80,443",2,True,True
test-premium1.trabajando.cl,trabajando.cl,"80,443",2,True,True
test-vendedores.mercadolibre.cl,mercadolibre.cl,"80,443",2,True,True
test-www.meteored.cl,meteored.cl,"80,443,8080,8443",4,True,True
test.api.bne.cl,bne.cl,"443,8443",2,False,True
test.bne.cl,bne.cl,"443,8443",2,False,True
test.clubhipico.cl,clubhipico.cl,"80,443",2,True,True
test.development.adidas.cl,adidas.cl,"80,443,8080,8443",4,True,True
test.landing.appoderado.cl,appoderado.cl,"80,443",2,True,True
test.med.uchile.cl,uchile.cl,"80,443",2,True,True
test.reservo.cl,reservo.cl,80,1,True,False
test.tvn.cl,tvn.cl,"80,443,8080,8443",4,True,True
test1.appoderado.cl,appoderado.cl,"80,443",2,True,True
test1.aulavirtual.appoderado.cl,appoderado.cl,"80,443",2,True,True
test1.pie.appoderado.cl,appoderado.cl,"80,443",2,True,True
test4.appoderado.cl,appoderado.cl,"80,443",2,True,True
test5.pie.appoderado.cl,appoderado.cl,"80,443",2,True,True
test6.appoderado.cl,appoderado.cl,"80,443",2,True,True
test9.appoderado.cl,appoderado.cl,"80,443",2,True,True
testfirma.loteria.cl,loteria.cl,"80,443",2,True,True
testfirmalaboral.loteria.cl,loteria.cl,"80,443",2,True,True
testimonios.iacc.cl,iacc.cl,"80,443",2,True,True
testing.loteria.cl,loteria.cl,"80,443",2,True,True
testlab.doctoralia.cl,doctoralia.cl,"80,443",2,True,True
testnreca.pjud.cl,pjud.cl,"80,443",2,True,True
testreca.pjud.cl,pjud.cl,"80,443",2,True,True
testunabonline.unab.cl,unab.cl,"80,443,8080,8443",4,True,True
tf1.empresas.bancochile.cl,bancochile.cl,"80,443,8080,8443",4,True,True
thaebus.recorrido.cl,recorrido.cl,"80,443",2,True,True
theuth.udec.cl,udec.cl,"80,443",2,True,True
ticket.bsale.cl,bsale.cl,80,1,True,False
tickets.appoderado.cl,appoderado.cl,"80,443",2,True,True
tienda.blue.cl,blue.cl,"80,443,8080,8443",4,True,True
tienda.clubhipico.cl,clubhipico.cl,"80,443",2,True,True
tienda.dalealbo.cl,dalealbo.cl,"80,443",2,True,True
tienda.doctoralia.cl,doctoralia.cl,"80,443",2,True,True
tienda.eldinamo.cl,eldinamo.cl,"80,443",2,True,True
tienda.mercadolibre.cl,mercadolibre.cl,"80,443",2,True,True
tienda.redgol.cl,redgol.cl,"80,443,8080,8443",4,True,True
tienda.santander.cl,santander.cl,"80,443",2,True,True
tienda.wom.cl,wom.cl,"80,443",2,True,True
tiendaempresas.entel.cl,entel.cl,"80,443",2,True,True
tiendamarquez.hnc.cl,hnc.cl,"80,443",2,True,True
tismedical.reservo.cl,reservo.cl,"80,443",2,True,True
titan.hostgator.cl,hostgator.cl,"80,443",2,True,True
tm.skechers.cl,skechers.cl,"80,443",2,True,True
tmp.24horas.cl,24horas.cl,"80,443",2,True,True
tms-staging-out.mercadolibre.cl,mercadolibre.cl,"80,443",2,True,True
tms.mercadolibre.cl,mercadolibre.cl,"80,443",2,True,True
tns.sv.shopee.cl,shopee.cl,"80,443",2,True,True
todoaconcagua.hnc.cl,hnc.cl,"80,443",2,True,True
todosibuc.uc.cl,uc.cl,"80,443",2,True,True
token.tvn.cl,tvn.cl,"80,443,8080,8443",4,True,True
tombola.bancoestado.cl,bancoestado.cl,"80,443",2,True,True
toolbar.google.cl,google.cl,"80,443",2,True,True
toolbarqueries.google.cl,google.cl,"80,443",2,True,True
tools.ticketmaster.cl,ticketmaster.cl,"80,443",2,True,True
touch.publimetro.cl,publimetro.cl,"80,443,8080,8443",4,True,True
tour360.usm.cl,usm.cl,"80,443",2,True,True
tower.test.tottus.cl,tottus.cl,"80,443,8080,8443",4,True,True
tr.df.cl,df.cl,"80,443",2,True,True
trabajaconnosotros.tumundo.cl,tumundo.cl,"80,443",2,True,True
track.usach.cl,usach.cl,"80,443",2,True,True
tracker-admin-staging.dbs.cl,dbs.cl,"80,443",2,True,True
tracker-admin.dbs.cl,dbs.cl,"80,443",2,True,True
tracker-staging.dbs.cl,dbs.cl,"80,443",2,True,True
tracker.dbs.cl,dbs.cl,"80,443",2,True,True
tracker.emol.cl,emol.cl,"80,443",2,True,True
tracker.preunic.cl,preunic.cl,"80,443",2,True,True
tracking.security.shopee.cl,shopee.cl,"80,443",2,True,True
tracking.shopee.cl,shopee.cl,"80,443",2,True,True
traiguen.stats.appoderado.cl,appoderado.cl,"80,443",2,True,True
tramitefacil.pjud.cl,pjud.cl,"80,443",2,True,True
tramites.dirtrab.cl,dirtrab.cl,"80,443",2,True,True
tramites.dt.gob.cl,gob.cl,"80,443",2,True,True
tramites.extranjeria.gob.cl,gob.cl,"80,443",2,True,True
tramites.ips.chileatiende.gob.cl,gob.cl,"80,443",2,True,True
tramites.mineduc.cl,mineduc.cl,"80,443",2,True,True
tramites2.mineduc.cl,mineduc.cl,"80,443",2,True,True
tramitesjuridico.dt.gob.cl,gob.cl,"80,443",2,True,True
transbank-dev-chilean-proxy.recorrido.cl,recorrido.cl,80,1,True,False
transelec.trabajando.cl,trabajando.cl,"80,443",2,True,True
transfer.mercadolibre.cl,mercadolibre.cl,"80,443",2,True,True
transferencias-qa.bancofalabella.cl,bancofalabella.cl,"80,443,8080,8443",4,True,True
transferencias-test.bancofalabella.cl,bancofalabella.cl,"80,443,8080,8443",4,True,True
transferencias.autofact.cl,autofact.cl,"80,443",2,True,True
transformaciondigital.usm.cl,usm.cl,"80,443",2,True,True
transmisiondearchivos.redbanc.cl,redbanc.cl,"80,443,8080,8443",4,True,True
transmisiondearchivosdesa.redbanc.cl,redbanc.cl,"80,443",2,True,True
transmisiondearchivosqa.redbanc.cl,redbanc.cl,"80,443,8080,8443",4,True,True
transparencia.bcn.cl,bcn.cl,"80,443",2,True,True
transparencia.ufro.cl,ufro.cl,"80,443",2,True,True
transparencia.usach.cl,usach.cl,"80,443",2,True,True
transporte.dic.udec.cl,udec.cl,"80,443",2,True,True
transversal-cerc.c.sii.cl,sii.cl,443,1,False,True
transversal-devc.c.sii.cl,sii.cl,443,1,False,True
trato-directo-pre2.mercadopublico.cl,mercadopublico.cl,"80,443",2,True,True
trato-directo.mercadopublico.cl,mercadopublico.cl,443,1,False,True
travelclub.trabajando.cl,trabajando.cl,"80,443",2,True,True
trcrecruitme.trabajando.cl,trabajando.cl,"80,443",2,True,True
trends.google.cl,google.cl,"80,443",2,True,True
trendy.trabajando.cl,trabajando.cl,"80,443",2,True,True
tricolor.trabajando.cl,trabajando.cl,"80,443",2,True,True
tricot.trabajando.cl,trabajando.cl,"80,443",2,True,True
tripulantes.turbus.cl,turbus.cl,443,1,False,True
trivia.cooperativa.cl,cooperativa.cl,"80,443",2,True,True
troncales.blue.cl,blue.cl,"80,443,8080,8443",4,True,True
trs.soychile.cl,soychile.cl,"80,443",2,True,True
tst.efe.cl,efe.cl,"80,443",2,True,True
ttd.pjud.cl,pjud.cl,"80,443",2,True,True
ttm.trabajando.cl,trabajando.cl,"80,443",2,True,True
tuboleta.bsale.cl,bsale.cl,"80,443",2,True,True
tumblr.t13.cl,t13.cl,"80,443",2,True,True
turbus.recorrido.cl,recorrido.cl,"80,443",2,True,True
turnos.salcobrand.cl,salcobrand.cl,"80,443,8443",3,True,True
tutorial.sibuc.uc.cl,uc.cl,80,1,True,False
tv.autofact.cl,autofact.cl,80,1,True,False
tv.pjud.cl,pjud.cl,"80,443",2,True,True
tv.t13.cl,t13.cl,"80,443",2,True,True
tvchile.tvn.cl,tvn.cl,"80,443,8080,8443",4,True,True
tvshow.games.staging.shopee.cl,shopee.cl,"80,443",2,True,True
uai.trabajando.cl,trabajando.cl,"80,443",2,True,True
uailaboral.trabajando.cl,trabajando.cl,"80,443",2,True,True
uandes.trabajando.cl,trabajando.cl,"80,443",2,True,True
uapp.prodsw.blue.cl,blue.cl,"80,443,8080,8443",4,True,True
uat.paris.cl,paris.cl,"80,443,8080,8443",4,True,True
ubritanica.chiletrabajos.cl,chiletrabajos.cl,"80,443",2,True,True
uccatolica.trabajando.cl,trabajando.cl,"80,443,8080,8443",4,True,True
uconline.uc.cl,uc.cl,"80,443,8080,8443",4,True,True
udec.trabajando.cl,trabajando.cl,"80,443",2,True,True
udla.trabajando.cl,trabajando.cl,"80,443",2,True,True
uds.udec.cl,udec.cl,"80,443",2,True,True
ugc.adidas.cl,adidas.cl,"80,443",2,True,True
ugc.ecn.cl,ecn.cl,"80,443,8080,8443",4,True,True
uikit.chileatiende.gob.cl,gob.cl,"80,443",2,True,True
ulogin-nightly.qa.blue.cl,blue.cl,"80,443,8080,8443",4,True,True
ultramar.trabajando.cl,trabajando.cl,"80,443",2,True,True
umag.trabajando.cl,trabajando.cl,"80,443,8080,8443",4,True,True
umayor.chiletrabajos.cl,chiletrabajos.cl,"80,443",2,True,True
umlv.mlc.mercadolibre.cl,mercadolibre.cl,"80,443",2,True,True
unab.trabajando.cl,trabajando.cl,"80,443,8080,8443",4,True,True
unabonline.unab.cl,unab.cl,"80,443,8080,8443",4,True,True
unisan.homeoffice.planetahosting.cl,planetahosting.cl,"80,443",2,True,True
upload-videos.tvn.cl,tvn.cl,"80,443",2,True,True
uptime.creattiva.cl,creattiva.cl,"80,443",2,True,True
uptime1.trabajando.cl,trabajando.cl,"80,443",2,True,True
uptime2.trabajando.cl,trabajando.cl,"80,443",2,True,True
usm.trabajando.cl,trabajando.cl,"80,443",2,True,True
utem.trabajando.cl,trabajando.cl,"80,443",2,True,True
utic.ufro.cl,ufro.cl,"80,443",2,True,True
util.eldinamo.cl,eldinamo.cl,"80,443,8080,8443",4,True,True
utilidades.afc.cl,afc.cl,"80,443,8443",3,True,True
uvirtual.pjud.cl,pjud.cl,"80,443",2,True,True
uvm.trabajando.cl,trabajando.cl,"80,443",2,True,True
uy.milicenciamedica.cl,milicenciamedica.cl,"80,443",2,True,True
v2.appoderado.cl,appoderado.cl,"80,443",2,True,True
vacaciones-progresivas.ips.chileatiende.gob.cl,gob.cl,"80,443",2,True,True
vaf.ucv.cl,ucv.cl,"80,8080,8443",3,True,True
validadorexterno.mutual.cl,mutual.cl,"80,443",2,True,True
vallenevado.trabajando.cl,trabajando.cl,"80,443",2,True,True
valparaiso.mineduc.cl,mineduc.cl,"80,443",2,True,True
vao.uft.cl,uft.cl,443,1,False,True
vault.production-ihpffy.walmartdigital.cl,walmartdigital.cl,"80,443",2,True,True
vault.tools.walmartdigital.cl,walmartdigital.cl,"80,443",2,True,True
vehiculo.mercadolibre.cl,mercadolibre.cl,"80,443",2,True,True
vehiculos-home.mercadolibre.cl,mercadolibre.cl,"80,443",2,True,True
vend.milicenciamedica.cl,milicenciamedica.cl,"80,443",2,True,True
vendedores.mercadolibre.cl,mercadolibre.cl,"80,443",2,True,True
venta-buses.turbus.cl,turbus.cl,"80,443",2,True,True
ventamasiva.jumbo.cl,jumbo.cl,"80,443",2,True,True
ventanilla.dirtrab.cl,dirtrab.cl,"80,443",2,True,True
ventanilla.dt.gob.cl,gob.cl,"80,443",2,True,True
ventanilla.tgr.cl,tgr.cl,"80,443,8080,8443",4,True,True
ventanillaunica.aguasandinas.cl,aguasandinas.cl,"80,443,8080,8443",4,True,True
ventanocturna.jumbo.cl,jumbo.cl,"80,443",2,True,True
ventareferidos.mutual.cl,mutual.cl,"80,443",2,True,True
verano.cruzverde.cl,cruzverde.cl,"80,443",2,True,True
verificacion-masiva-ruts.qa.blue.cl,blue.cl,"80,443,8080,8443",4,True,True
verificadoc.pjud.cl,pjud.cl,"80,443",2,True,True
verificador-documento.tgr.cl,tgr.cl,"80,443",2,True,True
verificador.dirtrab.cl,dirtrab.cl,"80,443",2,True,True
vestuario.mercadolibre.cl,mercadolibre.cl,"80,443",2,True,True
veterinaria.clubhipico.cl,clubhipico.cl,"80,443",2,True,True
viajescorporativos2.mercadopublico.cl,mercadopublico.cl,"80,443",2,True,True
viajeseguros.bancoestado.cl,bancoestado.cl,"80,443",2,True,True
vicarautomoviles.chileautos.cl,chileautos.cl,80,1,True,False
vidayestilo.terra.cl,terra.cl,"80,443,8080,8443",4,True,True
video.google.cl,google.cl,"80,443",2,True,True
video.mercadolibre.cl,mercadolibre.cl,"80,443",2,True,True
videoconsulta.integramedica.cl,integramedica.cl,"80,443",2,True,True
videojuegos.mercadolibre.cl,mercadolibre.cl,"80,443",2,True,True
view.banca.santander.cl,santander.cl,"80,443",2,True,True
view.correo.bancoestado.cl,bancoestado.cl,"80,443",2,True,True
view.email.preunic.cl,preunic.cl,"80,443",2,True,True
view.hola.scotiabank.cl,scotiabank.cl,"80,443",2,True,True
view.info.lider.cl,lider.cl,"80,443",2,True,True
view.promo.cinepolischile.cl,cinepolischile.cl,"80,443",2,True,True
view.risk.santander.cl,santander.cl,"80,443",2,True,True
viewpoint.tottus.cl,tottus.cl,"80,443,8080,8443",4,True,True
vimefing.usach.cl,usach.cl,"80,443",2,True,True
vina.soychile.cl,soychile.cl,"80,443",2,True,True
vinculacion.investigacion.uc.cl,uc.cl,"80,443",2,True,True
vinculacion.ufro.cl,ufro.cl,"80,443",2,True,True
violetaparra.cooperativa.cl,cooperativa.cl,"80,443",2,True,True
vip-test.mercadolibre.cl,mercadolibre.cl,"80,443",2,True,True
vip.mercadolibre.cl,mercadolibre.cl,"80,443",2,True,True
virginiogomez.trabajando.cl,trabajando.cl,"80,443",2,True,True
virtual.lc-1.netline.cl,netline.cl,"80,443",2,True,True
virtual.maicao.cl,maicao.cl,"80,443,8080,8443",4,True,True
visibilidaddigital.uc.cl,uc.cl,"80,443",2,True,True
visitas.redelcom.cl,redelcom.cl,"80,443",2,True,True
vivo.biobiochile.cl,biobiochile.cl,"80,443",2,True,True
vota.chilevision.cl,chilevision.cl,"80,443,8080,8443",4,True,True
votacion.dt.gob.cl,gob.cl,"80,443",2,True,True
votaciones.ministeriodesarrollosocial.gob.cl,gob.cl,"80,443,8080",3,True,True
votoavoto2.24horas.cl,24horas.cl,"80,443",2,True,True
vpn.cge.cl,cge.cl,"80,443",2,True,True
vpn.cinemark.cl,cinemark.cl,443,1,False,True
vpn.clubhipico.cl,clubhipico.cl,443,1,False,True
vpn.gslb.cge.cl,cge.cl,"80,443",2,True,True
vpn.loteria.cl,loteria.cl,"80,443",2,True,True
vpn.mutual.cl,mutual.cl,443,1,False,True
vpn1.milicenciamedica.cl,milicenciamedica.cl,"80,443",2,True,True
vpnssl-1.inacap.cl,inacap.cl,8443,1,False,True
vpnssl-4.inacap.cl,inacap.cl,8443,1,False,True
vps91.hosting.cl,hosting.cl,80,1,True,False
vr.emol.cl,emol.cl,"443,8080,8443",3,True,True
vra.iacc.cl,iacc.cl,"80,443",2,True,True
vra.ubiobio.cl,ubiobio.cl,"80,443",2,True,True
vrc-joomla.uc.cl,uc.cl,"80,443",2,True,True
vrip.ufro.cl,ufro.cl,"80,443",2,True,True
vrs.soychile.cl,soychile.cl,"80,443",2,True,True
vrsoftlayer.emol.cl,emol.cl,"443,8080,8443",3,True,True
vte.publimetro.cl,publimetro.cl,"80,443,8080,8443",4,True,True
vujs.bancochile.cl,bancochile.cl,"80,443",2,True,True
vul.bancochile.cl,bancochile.cl,443,1,False,True
vuso.ministeriodesarrollosocial.gob.cl,gob.cl,"80,443,8080,8443",4,True,True
vuw.bancochile.cl,bancochile.cl,443,1,False,True
w.google.cl,google.cl,"80,443",2,True,True
w.yapo.cl,yapo.cl,"80,443,8080,8443",4,True,True
w1.conicyt.cl,conicyt.cl,"80,443",2,True,True
w1.tvn.cl,tvn.cl,"80,443",2,True,True
w2.mutual.cl,mutual.cl,"80,8080",2,True,False
w3.inacap.cl,inacap.cl,"80,443",2,True,True
w3.preunic.cl,preunic.cl,"80,443",2,True,True
walmart.trabajando.cl,trabajando.cl,"80,443",2,True,True
wap.emol.cl,emol.cl,80,1,True,False
wap.entel.cl,entel.cl,"80,443",2,True,True
wap.flashscore.cl,flashscore.cl,"80,443",2,True,True
watts.trabajando.cl,trabajando.cl,"80,443",2,True,True
wc.mineduc.cl,mineduc.cl,"80,443",2,True,True
web-balancer.uft.cl,uft.cl,"80,443",2,True,True
web.appoderado.cl,appoderado.cl,"80,443",2,True,True
web.bancoripley.cl,bancoripley.cl,"80,443,8080,8443",4,True,True
web.cajalosandes.cl,cajalosandes.cl,"80,443,8080,8443",4,True,True
web.farmaciasahumada.cl,farmaciasahumada.cl,"80,443",2,True,True
web.inf.udec.cl,udec.cl,"80,443",2,True,True
web.test.chileatiende.gob.cl,gob.cl,"80,443",2,True,True
web.tumundo.cl,tumundo.cl,"80,443",2,True,True
web.tvn.cl,tvn.cl,"80,443",2,True,True
web.ubiobio.cl,ubiobio.cl,"80,443",2,True,True
web.wom.cl,wom.cl,"80,443",2,True,True
web2-qa.bancofalabella.cl,bancofalabella.cl,"80,443,8080,8443",4,True,True
web2.bancofalabella.cl,bancofalabella.cl,"80,443,8080,8443",4,True,True
web4.gtd.netline.cl,netline.cl,"80,443",2,True,True
webafiliados.afc.cl,afc.cl,"80,443,8443",3,True,True
webapps.sence.cl,sence.cl,"80,443",2,True,True
webcast.doctoralia.cl,doctoralia.cl,"80,443",2,True,True
webcec2.cec.uchile.cl,uchile.cl,"80,443",2,True,True
webcec3.cec.uchile.cl,uchile.cl,"80,443",2,True,True
webcon.mutual.cl,mutual.cl,"80,443",2,True,True
webdelfos2.ucsc.cl,ucsc.cl,"80,443",2,True,True
webdisk.ibus.cl,ibus.cl,"80,443",2,True,True
webdisk.luke.creattiva.cl,creattiva.cl,"80,443",2,True,True
webdisk.silkperfumes.cl,silkperfumes.cl,"80,443",2,True,True
webdisk.thinkdifferent.hnc.cl,hnc.cl,"80,443",2,True,True
webdisk.wpssd.hosting.cl,hosting.cl,"80,443",2,True,True
webdoc.icei.uchile.cl,uchile.cl,"80,443",2,True,True
webempleadores.afc.cl,afc.cl,"80,443,8443",3,True,True
webezproxy.duoc.cl,duoc.cl,"80,443",2,True,True
webface.ubiobio.cl,ubiobio.cl,"80,443",2,True,True
webicp1.webescuela.cl,webescuela.cl,"80,443",2,True,True
webicp2.webescuela.cl,webescuela.cl,"80,443",2,True,True
webinar.appoderado.cl,appoderado.cl,"80,443",2,True,True
webinariosnordicos.cooperativa.cl,cooperativa.cl,"80,443",2,True,True
weblib.doctoralia.cl,doctoralia.cl,"80,443",2,True,True
weblogic.doctoralia.cl,doctoralia.cl,"80,443",2,True,True
webmail.ap2.cpanelhost.cl,cpanelhost.cl,"80,443",2,True,True
webmail.clubhipico.cl,clubhipico.cl,"80,443",2,True,True
webmail.fantacy.hnc.cl,hnc.cl,"80,443",2,True,True
webmail.gourmet.cl,gourmet.cl,80,1,True,False
webmail.ibus.cl,ibus.cl,"80,443",2,True,True
webmail.inacap.cl,inacap.cl,"80,443",2,True,True
webmail.maicao.cl,maicao.cl,"80,443",2,True,True
webmail.mutual.cl,mutual.cl,"80,443",2,True,True
webmail.netline.cl,netline.cl,"80,443",2,True,True
webmail.nic.cl,nic.cl,"80,443",2,True,True
webmail.panel.planetahosting.cl,planetahosting.cl,"80,443",2,True,True
webmail.portal.powerhost.cl,powerhost.cl,"80,443",2,True,True
webmail.portalnet.cl,portalnet.cl,"80,443,8080,8443",4,True,True
webmail.silkperfumes.cl,silkperfumes.cl,"80,443",2,True,True
webmail.srv1.cpanelhost.cl,cpanelhost.cl,"80,443",2,True,True
webmail.teletrak.cl,teletrak.cl,"80,443",2,True,True
webmail.tracker.cl,tracker.cl,"80,443",2,True,True
webpay-pp.bancoripley.cl,bancoripley.cl,"80,443,8080,8443",4,True,True
webpay.bancoripley.cl,bancoripley.cl,"80,443,8080,8443",4,True,True
webpay.entel.cl,entel.cl,"80,443",2,True,True
webpayqa.uft.cl,uft.cl,443,1,False,True
webpolla3.polla.cl,polla.cl,"80,443",2,True,True
webs.milicenciamedica.cl,milicenciamedica.cl,"80,443",2,True,True
webserver.portalnet.cl,portalnet.cl,"80,443,8080,8443",4,True,True
webserver1.duoc.cl,duoc.cl,"80,443",2,True,True
website-dev.correos.cl,correos.cl,"80,443",2,True,True
website-uat.correos.cl,correos.cl,"80,443",2,True,True
website.benzahosting.cl,benzahosting.cl,"80,443",2,True,True
wf.usm.cl,usm.cl,"80,443",2,True,True
whippleschool.webescuela.cl,webescuela.cl,"80,443",2,True,True
whm.ibus.cl,ibus.cl,"80,443",2,True,True
whu.santander.cl,santander.cl,"80,443",2,True,True
widautpp.bancoripley.cl,bancoripley.cl,"80,443,8080,8443",4,True,True
widgets.biobiochile.cl,biobiochile.cl,"80,443",2,True,True
widgets.inacap.cl,inacap.cl,"80,443",2,True,True
widonbpp.bancoripley.cl,bancoripley.cl,"80,443,8080,8443",4,True,True
widonbprod.bancoripley.cl,bancoripley.cl,"80,443,8080,8443",4,True,True
wiken.emol.cl,emol.cl,80,1,True,False
win.jugabet.cl,jugabet.cl,"80,443,8080,8443",4,True,True
windowsxp.doctoralia.cl,doctoralia.cl,"80,443",2,True,True
winnt.milicenciamedica.cl,milicenciamedica.cl,"80,443",2,True,True
wip.loteria.cl,loteria.cl,"80,443",2,True,True
wireless.doctoralia.cl,doctoralia.cl,"80,443",2,True,True
wlc-telmex.telmexchile.cl,telmexchile.cl,"80,443,8080,8443",4,True,True
wlscripts.recorrido.cl,recorrido.cl,"80,443",2,True,True
wms.mercadolibre.cl,mercadolibre.cl,"80,443",2,True,True
wom.trabajando.cl,trabajando.cl,"80,443",2,True,True
wombat.24horas.cl,24horas.cl,"80,443",2,True,True
wombat.tvn.cl,tvn.cl,"80,443",2,True,True
womv-apicast-televenta.ose-uat.wom.cl,wom.cl,"443,8443",2,False,True
wordpress.ecn.cl,ecn.cl,"80,443",2,True,True
wordpress.udec.cl,udec.cl,"80,443",2,True,True
wordpress2.ecn.cl,ecn.cl,"80,443",2,True,True
work.google.cl,google.cl,"80,443",2,True,True
workkey.uc.cl,uc.cl,80,1,True,False
workmate.trabajando.cl,trabajando.cl,"80,443",2,True,True
wp.gourmet.cl,gourmet.cl,"80,443",2,True,True
wp.redelcom.cl,redelcom.cl,"80,443",2,True,True
wpcloud.cajalosandes.cl,cajalosandes.cl,"80,443",2,True,True
wpdev.bancoripley.cl,bancoripley.cl,"80,443,8080,8443",4,True,True
wphd.hosting.cl,hosting.cl,"80,443",2,True,True
wpssd.hosting.cl,hosting.cl,"80,443",2,True,True
ws.mutual.cl,mutual.cl,"80,443",2,True,True
ws.turbus.cl,turbus.cl,8080,1,True,False
ws.votacion-qa.dt.gob.cl,gob.cl,443,1,False,True
ws.votacion.dt.gob.cl,gob.cl,443,1,False,True
ws1.cinemark.cl,cinemark.cl,"80,443,8080,8443",4,True,True
wsa.spm.shopee.cl,shopee.cl,"80,443",2,True,True
wse1.bancochile.cl,bancochile.cl,"80,443,8080,8443",4,True,True
wse11.bancochile.cl,bancochile.cl,"80,443,8080,8443",4,True,True
wse13.bancochile.cl,bancochile.cl,"80,443,8080,8443",4,True,True
wse14.bancochile.cl,bancochile.cl,"80,443,8080,8443",4,True,True
wse15.bancochile.cl,bancochile.cl,"80,443,8080,8443",4,True,True
wse16.bancochile.cl,bancochile.cl,"80,443,8080,8443",4,True,True
wse18.bancochile.cl,bancochile.cl,"80,443,8080,8443",4,True,True
wse2.bancochile.cl,bancochile.cl,"80,443,8080,8443",4,True,True
wse20.bancochile.cl,bancochile.cl,"80,443,8080,8443",4,True,True
wse21.bancochile.cl,bancochile.cl,"80,443,8080,8443",4,True,True
wse22.bancochile.cl,bancochile.cl,"80,443,8080,8443",4,True,True
wse23.bancochile.cl,bancochile.cl,"80,443,8080,8443",4,True,True
wse24.bancochile.cl,bancochile.cl,"80,443,8080,8443",4,True,True
wse3.bancochile.cl,bancochile.cl,"80,443,8080,8443",4,True,True
wse31.bancochile.cl,bancochile.cl,"80,443,8080,8443",4,True,True
wse5.bancochile.cl,bancochile.cl,"80,443,8080,8443",4,True,True
wse7.bancochile.cl,bancochile.cl,"80,443,8080,8443",4,True,True
wsplgu.santander.cl,santander.cl,"80,443",2,True,True
wsrecaudadores.aguasandinas.cl,aguasandinas.cl,"80,443,8080,8443",4,True,True
wsreceptor.pjud.cl,pjud.cl,"80,443",2,True,True
wup-7b4df495.santander.cl,santander.cl,443,1,False,True
ww.google.cl,google.cl,"80,443",2,True,True
ww2.cinemark.cl,cinemark.cl,"80,443,8080,8443",4,True,True
ww2.itau.cl,itau.cl,"80,443,8080,8443",4,True,True
ww2.lb.mutual.cl,mutual.cl,"80,443",2,True,True
ww2.mutual.cl,mutual.cl,"80,443",2,True,True
ww2.tgr.cl,tgr.cl,443,1,False,True
ww2.tiendacopec.cl,tiendacopec.cl,"80,443,8080,8443",4,True,True
ww21.mutual.cl,mutual.cl,"80,443",2,True,True
ww22.mutual.cl,mutual.cl,"80,443",2,True,True
ww3.bancochile.cl,bancochile.cl,"80,443,8080,8443",4,True,True
www-qual.enel.cl,enel.cl,"80,443,8080,8443",4,True,True
www-staging.lider.cl,lider.cl,"80,443",2,True,True
www-test.bancofalabella.cl,bancofalabella.cl,"80,443,8080,8443",4,True,True
www.24horas.cl,24horas.cl,"80,443,8080,8443",4,True,True
www.abc.cl,abc.cl,"80,443,8080,8443",4,True,True
www.accounts.claveunica.gob.cl,gob.cl,"80,443",2,True,True
www.acreditacion.usm.cl,usm.cl,"80,443",2,True,True
www.acreditacionpregrado.usach.cl,usach.cl,"80,443",2,True,True
www.adnradio.cl,adnradio.cl,"80,443",2,True,True
www.adnz.uchile.cl,uchile.cl,"80,443",2,True,True
www.aeropuerto.turbus.cl,turbus.cl,"80,443",2,True,True
www.afc.cl,afc.cl,"80,443",2,True,True
www.aguasandinas.cl,aguasandinas.cl,"80,443,8080,8443",4,True,True
www.airelimpio.ciencias.uchile.cl,uchile.cl,"80,443",2,True,True
www.altos.hostingplus.cl,hostingplus.cl,"80,443,8443",3,True,True
www.archdaily.cl,archdaily.cl,"80,443",2,True,True
www.astro.puc.cl,puc.cl,443,1,False,True
www.autofact.cl,autofact.cl,"80,443",2,True,True
www.autopase.cl,autopase.cl,"80,443",2,True,True
www.backupjm.creattiva.cl,creattiva.cl,"80,443",2,True,True
www.balancehidrico.uchile.cl,uchile.cl,"80,443",2,True,True
www.bancofalabella.cl,bancofalabella.cl,"80,443,8080,8443",4,True,True
www.bancoripley.cl,bancoripley.cl,"80,443,8080,8443",4,True,True
www.bcentral.cl,bcentral.cl,"80,443",2,True,True
www.bcn.cl,bcn.cl,"80,443",2,True,True
www.biblioteca.quimica.uchile.cl,uchile.cl,"80,443",2,True,True
www.biobiochile.cl,biobiochile.cl,"80,443",2,True,True
www.blog.powerhost.cl,powerhost.cl,"80,443",2,True,True
www.blog.recorrido.cl,recorrido.cl,"80,443",2,True,True
www.blog.yapo.cl,yapo.cl,"80,443",2,True,True
www.blogspot.cl,blogspot.cl,"80,443",2,True,True
www.bne.cl,bne.cl,"443,8443",2,False,True
www.buscalibre.cl,buscalibre.cl,"80,443",2,True,True
www.cajalosandes.cl,cajalosandes.cl,"80,443,8080,8443",4,True,True
www.capacitacionyasesoria.usm.cl,usm.cl,"80,443",2,True,True
www.casp.ubiobio.cl,ubiobio.cl,"80,443",2,True,True
www.cec.uchile.cl,uchile.cl,"80,443",2,True,True
www.cei.usach.cl,usach.cl,"80,443",2,True,True
www.centroestudiosinternacionales.uc.cl,uc.cl,"80,443",2,True,True
www.centroquimica.uc.cl,uc.cl,"80,443",2,True,True
www.ceza.uchile.cl,uchile.cl,"80,443",2,True,True
www.cge.cl,cge.cl,"80,443",2,True,True
www.chileatiende.gob.cl,gob.cl,"80,443",2,True,True
www.chileautos.cl,chileautos.cl,"80,443",2,True,True
www.chiletrabajos.cl,chiletrabajos.cl,"80,443",2,True,True
www.chilevision.cl,chilevision.cl,"80,443,8080",3,True,True
www.ci2ma.udec.cl,udec.cl,"80,443",2,True,True
www.ciea.udec.cl,udec.cl,"80,443",2,True,True
www.cinemark.cl,cinemark.cl,"80,443,8080,8443",4,True,True
www.cinemarknews.cinemark.cl,cinemark.cl,"80,443",2,True,True
www.cinepolischile.cl,cinepolischile.cl,443,1,False,True
www.cintademoebio.uchile.cl,uchile.cl,"80,443",2,True,True
www.claseejecutiva.uc.cl,uc.cl,"80,443,8080,8443",4,True,True
www.claveunica.gob.cl,gob.cl,"80,443",2,True,True
www.clientes.benzahosting.cl,benzahosting.cl,"80,443",2,True,True
www.clubhipico.cl,clubhipico.cl,"80,443",2,True,True
www.cmfchile.cl,cmfchile.cl,"80,443",2,True,True
www.colaboradores.bancoripley.cl,bancoripley.cl,"80,443",2,True,True
www.college.uc.cl,uc.cl,"80,443",2,True,True
www.conadeo2014.uft.cl,uft.cl,"80,443",2,True,True
www.conicyt.cl,conicyt.cl,"80,443,8080,8443",4,True,True
www.contenidos.webescuela.cl,webescuela.cl,"80,443",2,True,True
www.cooperativa.cl,cooperativa.cl,"80,443",2,True,True
www.corporativo.bancoestado.cl,bancoestado.cl,"80,443",2,True,True
www.correos.cl,correos.cl,"80,443",2,True,True
www.creattiva.cl,creattiva.cl,"80,443",2,True,True
www.cruzverde.cl,cruzverde.cl,"80,443,8080,8443",4,True,True
www.ctrlit.cl,ctrlit.cl,"80,443",2,True,True
www.curriculumnacional.cl,curriculumnacional.cl,"80,443",2,True,True
www.dalealbo.cl,dalealbo.cl,"80,443,8080,8443",4,True,True
www.dbs.cl,dbs.cl,"80,443",2,True,True
www.derecho.udec.cl,udec.cl,"80,443",2,True,True
www.descarga.hostingplus.cl,hostingplus.cl,"80,443",2,True,True
www.despega.usach.cl,usach.cl,"80,443",2,True,True
www.despegar.cl,despegar.cl,"80,443,8080,8443",4,True,True
www.dev.adidas.cl,adidas.cl,"80,443",2,True,True
www.dev.yapo.cl,yapo.cl,"80,443,8080,8443",4,True,True
www.development.adidas.cl,adidas.cl,"80,443,8080,8443",4,True,True
www.df.cl,df.cl,"80,443",2,True,True
www.dic.udec.cl,udec.cl,"80,443",2,True,True
www.dimad.ubiobio.cl,ubiobio.cl,"80,443",2,True,True
www.dinv.udec.cl,udec.cl,"80,443",2,True,True
www.diplomadosycursos.agronomia.uc.cl,uc.cl,"80,443,8080,8443",4,True,True
www.direcciondepostgrado.ufro.cl,ufro.cl,"80,443",2,True,True
www.dirtrab.cl,dirtrab.cl,"80,443",2,True,True
www.discursospracticas.ucv.cl,ucv.cl,"80,443",2,True,True
www.doctoradofilosofia.uc.cl,uc.cl,"80,443",2,True,True
www.drsimi.cl,drsimi.cl,"80,443",2,True,True
www.dt.gob.cl,gob.cl,"80,443",2,True,True
www.duoc.cl,duoc.cl,"80,443",2,True,True
www.easy.cl,easy.cl,"80,443",2,True,True
www.educacioncontinua.arte.uc.cl,uc.cl,"80,443",2,True,True
www.efe.cl,efe.cl,"80,443",2,True,True
www.egresadoscpa.usach.cl,usach.cl,"80,443",2,True,True
www.eldinamo.cl,eldinamo.cl,"80,443",2,True,True
www.elearning.jmc.usm.cl,usm.cl,"80,443",2,True,True
www.eli.usm.cl,usm.cl,"80,443",2,True,True
www.eliteperfumes.cl,eliteperfumes.cl,"80,443,8080,8443",4,True,True
www.elmostrador.cl,elmostrador.cl,"80,443",2,True,True
www.emeritabanados.udec.cl,udec.cl,"80,443",2,True,True
www.emisora.cl,emisora.cl,"80,443,8080,8443",4,True,True
www.emol.cl,emol.cl,80,1,True,False
www.encancha.cl,encancha.cl,"80,443",2,True,True
www.encuestabicentenario.uc.cl,uc.cl,"80,443",2,True,True
www.enel.cl,enel.cl,"80,443,8080,8443",4,True,True
www.enlace.uc.cl,uc.cl,"80,443",2,True,True
www.entel.cl,entel.cl,"80,443,8080,8443",4,True,True
www.envivo.teletrak.cl,teletrak.cl,"80,443",2,True,True
www.enzal2019.usach.cl,usach.cl,"80,443",2,True,True
www.espn.cl,espn.cl,"80,443",2,True,True
www.estudiosarabes.uchile.cl,uchile.cl,"80,443",2,True,True
www.eventos.usm.cl,usm.cl,"80,443",2,True,True
www.example.com,example.com,"80,443",2,True,True
www.extension.med.uchile.cl,uchile.cl,"80,443",2,True,True
www.extranjeria.gob.cl,gob.cl,"80,443,8080,8443",4,True,True
www.face.ubiobio.cl,ubiobio.cl,"80,443",2,True,True
www.factec.usach.cl,usach.cl,"80,443",2,True,True
www.fantacy.hnc.cl,hnc.cl,"80,443",2,True,True
www.farmaciasahumada.cl,farmaciasahumada.cl,"80,443,8080,8443",4,True,True
www.faug.udec.cl,udec.cl,"80,443",2,True,True
www.flashscore.cl,flashscore.cl,"80,443",2,True,True
www.fondocredito.usach.cl,usach.cl,"80,443",2,True,True
www.futuramovilidad.usm.cl,usm.cl,"80,443",2,True,True
www.gestion-postgrado.usach.cl,usach.cl,"80,443",2,True,True
www.google.cl,google.cl,"80,443",2,True,True
www.gourmet.cl,gourmet.cl,"80,443",2,True,True
www.gslb.bcentral.cl,bcentral.cl,"80,443",2,True,True
www.gsuite.powerhost.cl,powerhost.cl,"80,443",2,True,True
www.gtm.tottus.cl,tottus.cl,443,1,False,True
www.h2h.empresas.bancochile.cl,bancochile.cl,"80,443,8080,8443",4,True,True
www.hnc.cl,hnc.cl,"80,443",2,True,True
www.hostgator.cl,hostgator.cl,"80,443,8080,8443",4,True,True
www.ibus.cl,ibus.cl,"80,443",2,True,True
www.ihistoria.ucv.cl,ucv.cl,"80,443",2,True,True
www.ihost.cl,ihost.cl,"80,443",2,True,True
www.inacap.cl,inacap.cl,"80,443",2,True,True
www.informacion3.movistar.cl,movistar.cl,443,1,False,True
www.infraestructurabicentenario.uchile.cl,uchile.cl,"80,443",2,True,True
www.ingenieriadeprocesos.usach.cl,usach.cl,"80,443",2,True,True
www.int3.cpanelhost.cl,cpanelhost.cl,"80,443",2,True,True
www.int6.cpanelhost.cl,cpanelhost.cl,"80,443",2,True,True
www.int7.cpanelhost.cl,cpanelhost.cl,"80,443",2,True,True
www.integramedica.cl,integramedica.cl,"80,443,8080",3,True,True
www.investigacionypostgrado.fadeu.uc.cl,uc.cl,"80,443",2,True,True
www.jugabet.cl,jugabet.cl,"80,443,8080,8443",4,True,True
www.jumbo.cl,jumbo.cl,"80,443",2,True,True
www.kameone.cl,kameone.cl,"80,443,8080,8443",4,True,True
www.kupos.cl,kupos.cl,"80,443",2,True,True
www.laborum.cl,laborum.cl,"80,443,8080,8443",4,True,True
www.labquimica.usm.cl,usm.cl,"80,443",2,True,True
www.lahora.cl,lahora.cl,"80,443,8080,8443",4,True,True
www.lemc.usach.cl,usach.cl,"80,443",2,True,True
www.lider.cl,lider.cl,"80,443",2,True,True
www.lista-espera.usach.cl,usach.cl,"80,443",2,True,True
www.logt.usach.cl,usach.cl,"80,443",2,True,True
www.loteria.cl,loteria.cl,"80,443",2,True,True
www.luke.creattiva.cl,creattiva.cl,"80,443",2,True,True
www.magingquimica.usach.cl,usach.cl,"80,443",2,True,True
www.magistercienciassociales.ufro.cl,ufro.cl,"80,443",2,True,True
www.magnanoapp.usm.cl,usm.cl,"80,443",2,True,True
www.mailing.chileautos.cl,chileautos.cl,"80,443",2,True,True
www.mailing.preunic.cl,preunic.cl,"80,443",2,True,True
www.mailing.salcobrand.cl,salcobrand.cl,"80,443",2,True,True
www.masautos.chileautos.cl,chileautos.cl,"80,443",2,True,True
www.materiales.udec.cl,udec.cl,"80,443",2,True,True
www.med.ufro.cl,ufro.cl,"80,443",2,True,True
www.mega.cl,mega.cl,"80,443,8080,8443",4,True,True
www.meganoticias.cl,meganoticias.cl,"80,443,8080,8443",4,True,True
www.megatiempo.cl,megatiempo.cl,"80,443,8080,8443",4,True,True
www.mercadolibre.cl,mercadolibre.cl,"80,443",2,True,True
www.mercadopago.cl,mercadopago.cl,"80,443",2,True,True
www.mercadopublico.cl,mercadopublico.cl,"80,443",2,True,True
www.meteochile.gob.cl,gob.cl,"80,443",2,True,True
www.meteored.cl,meteored.cl,"80,443,8080,8443",4,True,True
www.mitarjetacencosud.cl,mitarjetacencosud.cl,"80,443",2,True,True
www.mottorsautomotriz.chileautos.cl,chileautos.cl,"80,443",2,True,True
www.mutual.cl,mutual.cl,"80,443,8080,8443",4,True,True
www.nanobiolab.usm.cl,usm.cl,"80,443",2,True,True
www.navidad.correos.cl,correos.cl,"80,443",2,True,True
www.newsletter.cineplanet.cl,cineplanet.cl,"80,443",2,True,True
www.nike.cl,nike.cl,"80,443,8080,8443",4,True,True
www.ns3.creattiva.cl,creattiva.cl,"80,443",2,True,True
www.oai.usm.cl,usm.cl,"80,443",2,True,True
www.oculab.uc.cl,uc.cl,"80,443",2,True,True
www.olivos.hostingplus.cl,hostingplus.cl,"80,443,8443",3,True,True
www.ottl.usm.cl,usm.cl,"80,443",2,True,True
www.pagos.bancochile.cl,bancochile.cl,"80,443,8080,8443",4,True,True
www.pagos.usach.cl,usach.cl,"80,443",2,True,True
www.paramaribo.chileautos.cl,chileautos.cl,"80,443",2,True,True
www.pares.usach.cl,usach.cl,"80,443",2,True,True
www.paris.cl,paris.cl,"80,443",2,True,True
www.pediatriaoriente.med.uchile.cl,uchile.cl,"80,443",2,True,True
www.pei2030.usach.cl,usach.cl,"80,443",2,True,True
www.pensamientoeducativo.uc.cl,uc.cl,"80,443",2,True,True
www.pjud.cl,pjud.cl,"80,443",2,True,True
www.plan.hostingplus.cl,hostingplus.cl,"80,443",2,True,True
www.planeta.planetahosting.cl,planetahosting.cl,"80,443",2,True,True
www.polla.cl,polla.cl,"80,443,8080,8443",4,True,True
www.portal.powerhost.cl,powerhost.cl,"80,443",2,True,True
www.portalnet.cl,portalnet.cl,"80,443,8080,8443",4,True,True
www.post-office-ticker.doctoralia.cl,doctoralia.cl,"80,443",2,True,True
www.postgrado.udec.cl,udec.cl,"80,443",2,True,True
www.postgrados.ucv.cl,ucv.cl,"80,443",2,True,True
www.postventa.ripley.cl,ripley.cl,"80,443",2,True,True
www.power50.powerhost.cl,powerhost.cl,"80,443",2,True,True
www.power52.powerhost.cl,powerhost.cl,"80,443",2,True,True
www.power70.powerhost.cl,powerhost.cl,"80,443",2,True,True
www.power71.powerhost.cl,powerhost.cl,"80,443",2,True,True
www.power72.powerhost.cl,powerhost.cl,"80,443",2,True,True
www.power76.powerhost.cl,powerhost.cl,"80,443",2,True,True
www.powerhost.cl,powerhost.cl,"80,443",2,True,True
www.practicatest.cl,practicatest.cl,"80,443,8080,8443",4,True,True
www.preunic.cl,preunic.cl,"80,443,8080,8443",4,True,True
www.profesionales.yapo.cl,yapo.cl,"80,443",2,True,True
www.prueba.hosting.cl,hosting.cl,"80,443",2,True,True
www.psicologia.uc.cl,uc.cl,"80,443",2,True,True
www.publimetro.cl,publimetro.cl,"80,443",2,True,True
www.radio.usm.cl,usm.cl,"80,443",2,True,True
www.rchant.uchile.cl,uchile.cl,"80,443",2,True,True
www.recorrido.cl,recorrido.cl,"80,443",2,True,True
www.red.cl,red.cl,"80,443",2,True,True
www.redbanc.cl,redbanc.cl,"80,443,8080,8443",4,True,True
www.redelcom.cl,redelcom.cl,"80,443,8080,8443",4,True,True
www.redgol.cl,redgol.cl,"80,443,8080,8443",4,True,True
www.redmujerescyt.usach.cl,usach.cl,"80,443",2,True,True
www.reescrituradelaaraucana.uchile.cl,uchile.cl,"80,443",2,True,True
www.registrocivil.cl,registrocivil.cl,"80,443",2,True,True
www.rematesiquique.hnc.cl,hnc.cl,"80,443",2,True,True
www.reservo.cl,reservo.cl,"80,443",2,True,True
www.revistaapuntes.uc.cl,uc.cl,"80,443",2,True,True
www.rifasolidaria.creattiva.cl,creattiva.cl,"80,443",2,True,True
www.rree.usm.cl,usm.cl,"80,443",2,True,True
www.salcobrand.cl,salcobrand.cl,"80,443,8080,8443",4,True,True
www.sansebastianschool.webescuela.cl,webescuela.cl,"80,443",2,True,True
www.santander.cl,santander.cl,"80,443",2,True,True
www.scotiabank.cl,scotiabank.cl,"80,443",2,True,True
www.scotiabankchile.cl,scotiabankchile.cl,"80,443",2,True,True
www.sebastianscollege.webescuela.cl,webescuela.cl,"80,443",2,True,True
www.sence.cl,sence.cl,"80,443",2,True,True
www.sence.gob.cl,gob.cl,"80,443",2,True,True
www.seo.hosting.cl,hosting.cl,"80,443",2,True,True
www.sermovil.loteria.cl,loteria.cl,"80,443",2,True,True
www.servidor.powerhost.cl,powerhost.cl,"80,443",2,True,True
www.sexosur.cl,sexosur.cl,"80,443,8080",3,True,True
www.sfp.usach.cl,usach.cl,"80,443",2,True,True
www.shark.hostingplus.cl,hostingplus.cl,"80,443",2,True,True
www.silkperfumes.cl,silkperfumes.cl,"80,443,8080,8443",4,True,True
www.sinlimites.centrodeinnovacion.uc.cl,uc.cl,"80,443",2,True,True
www.sistema.oirs.usach.cl,usach.cl,"80,443",2,True,True
www.sitraf.sii.cl,sii.cl,"80,443,8443",3,True,True
www.skechers.cl,skechers.cl,"80,443,8080,8443",4,True,True
www.soporte.dii.uchile.cl,uchile.cl,"80,443",2,True,True
www.soychile.cl,soychile.cl,"80,443",2,True,True
www.srv1.cpanelhost.cl,cpanelhost.cl,"80,443",2,True,True
www.srv35.creattiva.cl,creattiva.cl,"80,443",2,True,True
www.srv53.creattiva.cl,creattiva.cl,"80,443",2,True,True
www.srv61.creattiva.cl,creattiva.cl,"80,443",2,True,True
www.srv94.creattiva.cl,creattiva.cl,"80,443",2,True,True
www.ssd11.hnc.cl,hnc.cl,"80,443",2,True,True
www.ssd9.hnc.cl,hnc.cl,"80,443",2,True,True
www.staging.adidas.cl,adidas.cl,"80,443",2,True,True
www.status.powerhost.cl,powerhost.cl,"80,443",2,True,True
www.sti.uchile.cl,uchile.cl,"80,443",2,True,True
www.store.qa.easy.cl,easy.cl,"80,443",2,True,True
www.t13.cl,t13.cl,"80,443",2,True,True
www.talcaiv1.creattiva.cl,creattiva.cl,"80,443",2,True,True
www.tarjeta.teletrak.cl,teletrak.cl,"80,443",2,True,True
www.teatroinfantil.uc.cl,uc.cl,"80,443",2,True,True
www.teletrak.cl,teletrak.cl,"80,443",2,True,True
www.terra.cl,terra.cl,"80,443,8080,8443",4,True,True
www.test.development.adidas.cl,adidas.cl,"80,443,8080,8443",4,True,True
www.test.production.adidas.cl,adidas.cl,"80,443,8080,8443",4,True,True
www.tgr.cl,tgr.cl,"80,443",2,True,True
www.thenorthface.cl,thenorthface.cl,"80,443",2,True,True
www.ticketmaster.cl,ticketmaster.cl,"80,443",2,True,True
www.tienda.usm.cl,usm.cl,"80,443,8080,8443",4,True,True
www.tiendacopec.cl,tiendacopec.cl,"80,443,8080,8443",4,True,True
www.tm.skechers.cl,skechers.cl,"80,443",2,True,True
www.todoaconcagua.hnc.cl,hnc.cl,"80,443",2,True,True
www.tottus.cl,tottus.cl,"80,443,8080,8443",4,True,True
www.trabajando.cl,trabajando.cl,"80,443,8080,8443",4,True,True
www.tracker.cl,tracker.cl,"80,443",2,True,True
www.tradexpresseliteplus.scotiabankchile.cl,scotiabankchile.cl,"80,443",2,True,True
www.transmisiondearchivosdesa.redbanc.cl,redbanc.cl,"80,443",2,True,True
www.transparencia.usach.cl,usach.cl,"80,443",2,True,True
www.transporte.ubiobio.cl,ubiobio.cl,"80,443",2,True,True
www.tumundo.cl,tumundo.cl,"80,443",2,True,True
www.turbus.cl,turbus.cl,"80,443",2,True,True
www.tvn.cl,tvn.cl,"80,443,8080,8443",4,True,True
www.ucaas.entel.cl,entel.cl,443,1,False,True
www.uconline.uc.cl,uc.cl,"80,443,8080,8443",4,True,True
www.ucv.cl,ucv.cl,"80,443",2,True,True
www.utic.ufro.cl,ufro.cl,"80,443",2,True,True
www.viajesfalabella.cl,viajesfalabella.cl,"80,443,8080,8443",4,True,True
www.vicarautomoviles.chileautos.cl,chileautos.cl,"80,443",2,True,True
www.vinculacion.ufro.cl,ufro.cl,"80,443",2,True,True
www.vip.meteochile.gob.cl,gob.cl,"80,443",2,True,True
www.virtualhosting.cl,virtualhosting.cl,"80,443",2,True,True
www.wphd.hosting.cl,hosting.cl,"80,443",2,True,True
www.yapo.cl,yapo.cl,"80,443,8080,8443",4,True,True
www.zenitx.hostingplus.cl,hostingplus.cl,"80,443,8443",3,True,True
www13.adc.dci.uc.cl,uc.cl,"80,443",2,True,True
www2.autofact.cl,autofact.cl,"80,443",2,True,True
www2.chileautos.cl,chileautos.cl,"80,443",2,True,True
www2.dev11.yapo.cl,yapo.cl,"80,443,8080,8443",4,True,True
www2.dt.gob.cl,gob.cl,"80,443",2,True,True
www2.duoc.cl,duoc.cl,"80,443",2,True,True
www2.inf.udec.cl,udec.cl,"80,443",2,True,True
www2.jumbo.cl,jumbo.cl,"80,443",2,True,True
www2.netline.cl,netline.cl,"80,443,8080",3,True,True
www2.pjud.cl,pjud.cl,"80,443",2,True,True
www2.ripley.cl,ripley.cl,"80,443,8080,8443",4,True,True
www2.salcobrand.cl,salcobrand.cl,"80,443",2,True,True
www2.sence.cl,sence.cl,"80,443",2,True,True
www2.udec.cl,udec.cl,"80,443",2,True,True
www2.yapo.cl,yapo.cl,"80,443,8080,8443",4,True,True
www3.bcn.cl,bcn.cl,"80,443",2,True,True
www3.chileautos.cl,chileautos.cl,"80,443",2,True,True
www3.geocoder.doctoralia.cl,doctoralia.cl,"80,443",2,True,True
www3.paris.cl,paris.cl,"80,443,8080,8443",4,True,True
www3.salcobrand.cl,salcobrand.cl,"80,443",2,True,True
www3.udec.cl,udec.cl,"80,443",2,True,True
www4.nic.cl,nic.cl,"80,443",2,True,True
www5.silkperfumes.cl,silkperfumes.cl,"80,443",2,True,True
www5.udec.cl,udec.cl,"80,443",2,True,True
www7.uc.cl,uc.cl,"80,443",2,True,True
www8.uc.cl,uc.cl,"80,443",2,True,True
wwwi.crm.doctoralia.cl,doctoralia.cl,"80,443",2,True,True
xapiproc.ministeriodesarrollosocial.gob.cl,gob.cl,"80,443,8080,8443",4,True,True
xmail.doctoralia.cl,doctoralia.cl,"80,443",2,True,True
xml.milicenciamedica.cl,milicenciamedica.cl,"80,443",2,True,True
xn--aonuevo-4za.cooperativa.cl,cooperativa.cl,"80,443",2,True,True
xn--semanapeaflorina-eub.cooperativa.cl,cooperativa.cl,"80,443",2,True,True
xperto.polla.cl,polla.cl,"80,443,8080,8443",4,True,True
xs6.cpanelhost.cl,cpanelhost.cl,"80,443",2,True,True
xsp-dm1.ucaas.entel.cl,entel.cl,443,1,False,True
xsp-dm2.ucaas.entel.cl,entel.cl,443,1,False,True
xsp-uc1.ucaas.entel.cl,entel.cl,443,1,False,True
xsrv7.cpanelhost.cl,cpanelhost.cl,"80,443",2,True,True
yankee.milicenciamedica.cl,milicenciamedica.cl,"80,443",2,True,True
zammad.nic.cl,nic.cl,"80,443",2,True,True
zebra.uchile.cl,uchile.cl,"80,443",2,True,True
zenitx.hostingplus.cl,hostingplus.cl,"80,443,8443",3,True,True
zeus.inf.ucv.cl,ucv.cl,"80,443",2,True,True
zofri.trabajando.cl,trabajando.cl,"80,443",2,True,True
zona.entel.cl,entel.cl,"80,443",2,True,True
zproxy02.pjud.cl,pjud.cl,"80,443",2,True,True
zproxy2.pjud.cl,pjud.cl,443,1,False,True
zrepo-hist.efe.cl,efe.cl,"80,443",2,True,True
zrepo.efe.cl,efe.cl,"80,443",2,True,True
